lat,lon,reported_date,reported_by,address,city,zip,addressline,country
40.37807,-3.75471,03/22/10 20:20:37,web,Calle de Jacobinia| 22-90| 28047 Madrid| Spain,madrid,28047,Calle de Jacobinia| 22-90,Spain
40.37675,-3.75093,03/23/10 00:54:21,web,Calle de Jacobinia| 22-90| 28047 Madrid| Spain,madrid,28047,Calle de Jacobinia| 22-90,España
40.42269,-3.69932,03/23/10 00:54:25,web,Calle de Hortaleza| 60| 28004 Madrid| Spain,madrid,28004,Calle de Hortaleza| 60,España
40.46079,-3.77554,03/23/10 11:36:11,web,Av de la Osa Mayor| 7| 28023 Madrid| Spain,madrid,28023,Av de la Osa Mayor| 7,España
40.37346,-3.73299,03/23/10 12:43:43,web,Av de los Poblados| 110| 28025 Madrid| Spain,madrid,28025,Av de los Poblados| 110,España
40.42326,-3.71086,03/23/10 12:47:39,web,Plaza de España| 28013 Madrid| Spain,madrid,28013,Plaza de España,España
40.43272,-3.70883,03/23/10 13:57:59,web,Calle de Vallehermoso| 17-29| 28015 Madrid| Spain,madrid,28015,Calle de Vallehermoso| 17-29,España
43.31288,-1.92093,03/23/10 16:00:14,web,Calle de Eskalantegi| 108| 20017 San Sebastián| Spain,san sebastián,,,España
27.99387,-15.45381,03/23/10 16:13:43,web,Calle Brezo| 1-5| 35200 Telde| Spain,telde,,Montaña las Palmas,España
37.63629,-0.9659,03/23/10 16:44:20,web,Camino Rural XIV Sifón| 30310 Cartagena| Spain,cartagena,30310,Camino Rural XIV Sifón,España
40.42168,-3.65773,03/23/10 17:03:55,web,Calle del Alcalde Sáinz de Baranda| 28017 Madrid| Spain,madrid,28017,Calle del Alcalde Sáinz de Baranda,España
28.48021,-16.31243,03/23/10 17:19:25,web,TF-180| 38205 San Cristóbal de La Laguna| Spain,san cristóbal de la laguna,38205,TF-180,España
41.65295,-4.72839,03/23/10 17:49:55,web,Calle de la Cebadería| 1-5| 47001 Valladolid| Spain,valladolid,47001,Calle de la Cebadería| 1-5,España
40.4143,-3.7074,03/22/10 21:32:38,web,Calle Imperial| 18| 28012 Madrid| Spain,madrid,28012,Calle Imperial| 18,España
41.38862,2.16954,03/23/10 09:14:31,web,Passeig de Gràcia| 6| 08007 Barcelona| Spain,barcelona,08007,Passeig de Gràcia| 6,España
40.42297,-3.71171,03/23/10 11:38:38,web,Plaza de España| 28013 Madrid| Spain,madrid,28013,Plaza de España,España
40.41936,-3.72065,03/23/10 11:39:16,web,Av de Portugal| 28008 Madrid| Spain,madrid,28008,Av de Portugal,España
40.37349,-3.72505,03/23/10 12:07:32,web,Av de los Poblados| 141| 28025 Madrid| Spain,madrid,28025,Av de los Poblados| 141,España
40.45133,-3.69088,03/23/10 16:04:49,web,Paseo de la Castellana| 28046 Madrid| Spain,madrid,28046,Paseo de la Castellana,España
40.38948,-3.713,03/23/10 16:08:13,web,A-42| 28019 Madrid| Spain,madrid,28019,A-42,España
27.99387,-15.45381,03/23/10 16:35:36,web,Calle Brezo| 1-5| 35200 Telde| Spain,telde,,Montaña las Palmas,España
40.42168,-3.65773,03/23/10 17:09:01,web,Calle del Alcalde Sáinz de Baranda| 28017 Madrid| Spain,madrid,28017,Calle del Alcalde Sáinz de Baranda,España
40.42168,-3.65773,03/23/10 17:15:37,web,Calle del Alcalde Sáinz de Baranda| 28017 Madrid| Spain,madrid,28017,Calle del Alcalde Sáinz de Baranda,España
40.4143,-3.7074,03/22/10 22:28:37,web,Calle Imperial| 18| 28012 Madrid| Spain,madrid,28012,Calle Imperial| 18,España
40.38389,-3.78445,03/23/10 00:49:31,web,A-5| 28024 Madrid| Spain,madrid,28024,A-5,España
40.4143,-3.7074,03/23/10 09:02:56,web,Calle Imperial| 18| 28012 Madrid| Spain,madrid,28012,Calle Imperial| 18,España
40.42211,-3.71304,03/23/10 11:38:14,web,Cuesta de San Vicente| 28008 Madrid| Spain,madrid,28008,Cuesta de San Vicente,España
40.42297,-3.71171,03/23/10 11:41:28,web,Plaza de España| 28013 Madrid| Spain,madrid,28013,Plaza de España,España
41.65295,-4.72839,03/23/10 11:54:25,web,Calle de la Cebadería| 1-5| 47001 Valladolid| Spain,valladolid,47001,Calle de la Cebadería| 1-5,España
40.41362,-3.71367,03/23/10 11:55:22,web,Calle de Bailén| 23-27| 28005 Madrid| Spain,madrid,28005,Calle de Bailén| 23-27,España
40.43272,-3.70883,03/23/10 13:58:30,web,Calle de Vallehermoso| 17-29| 28015 Madrid| Spain,madrid,28015,Calle de Vallehermoso| 17-29,España
42.93296,-8.51501,03/23/10 14:36:42,web,Balsoma| 15705 Santiago de Compostela| Spain,santiago de compostela,,Balsoma,España
37.63629,-0.9659,03/23/10 17:43:24,web,Camino Rural XIV Sifón| 30310 Cartagena| Spain,cartagena,30310,Camino Rural XIV Sifón,España
40.09505,0.14514,03/23/10 17:55:30,web,Plaza del Príncipe de Asturias| 20-24| 12594 Oropesa del Mar| Spain,oropesa del mar,12594,Plaza del Príncipe de Asturias| 20-24,España
40.41362,-3.71367,03/22/10 21:00:25,web,Calle de Bailén| 23-27| 28005 Madrid| Spain,madrid,28005,Calle de Bailén| 23-27,España
40.31141,-3.8904,03/22/10 21:04:37,web,Av de Portugal| 28935 Móstoles| Spain,móstoles,28935,Av de Portugal,España
40.42269,-3.69932,03/22/10 21:12:45,web,Calle de Hortaleza| 60| 28004 Madrid| Spain,madrid,28004,Calle de Hortaleza| 60,España
40.38617,-3.78165,03/22/10 20:21:48,web,A-5| 390| 28024 Madrid| Spain,madrid,28024,A-5| 390,España
40.43811,-3.70017,03/23/10 10:46:46,web,Calle de Santa Engracia| 101-117| 28010 Madrid| Spain,madrid,28010,Calle de Santa Engracia| 101-117,España
40.37346,-3.73299,03/23/10 12:45:59,web,Av de los Poblados| 110| 28025 Madrid| Spain,madrid,28025,Av de los Poblados| 110,España
40.41748,-3.69849,03/23/10 13:42:38,web,Calle de Cedaceros| 6| 28014 Madrid| Spain,madrid,28014,Calle de Cedaceros| 6,España
40.40638,-3.73326,03/23/10 15:38:10,web,Calle de Turaco| 2| 28011 Madrid| Spain,madrid,28011,Calle de Turaco| 2,España
40.40638,-3.73326,03/23/10 15:41:46,web,Calle de Turaco| 2| 28011 Madrid| Spain,madrid,28011,Calle de Turaco| 2,España
43.31288,-1.92093,03/23/10 15:59:45,web,Calle de Eskalantegi| 108| 20017 San Sebastián| Spain,san sebastián,,Pasai Antxo,España
40.42933,-3.64353,03/23/10 17:19:38,web,Calle de Francisco Villaespesa| 16-20| 28017 Madrid| Spain,madrid,28017,Calle de Francisco Villaespesa| 16-20,España
40.46367,-3.74922,03/23/10 17:22:17,web,Calle 30| 28035 Madrid| Spain,madrid,28035,Calle 30,España
40.42269,-3.69932,03/22/10 20:59:34,web,Calle de Hortaleza| 60| 28004 Madrid| Spain,madrid,28004,Calle de Hortaleza| 60,España
40.37756,-3.79277,03/22/10 21:16:54,web,A-5| 28024 Madrid| Spain,madrid,28024,A-5,España
40.41362,-3.71367,03/23/10 00:54:18,web,Calle de Bailén| 23-27| 28005 Madrid| Spain,madrid,28005,Calle de Bailén| 23-27,España
40.38617,-3.78165,03/23/10 00:54:20,web,A-5| 390| 28024 Madrid| Spain,madrid,28024,A-5| 390,España
40.42297,-3.71171,03/23/10 11:43:41,web,Plaza de España| 28013 Madrid| Spain,madrid,28013,Plaza de España,España
41.65295,-4.72839,03/23/10 12:24:13,web,Calle de la Cebadería| 1-5| 47001 Valladolid| Spain,valladolid,47001,Calle de la Cebadería| 1-5,España
40.42933,-3.64353,03/23/10 17:17:56,web,Calle de Francisco Villaespesa| 16-20| 28017 Madrid| Spain,madrid,28017,Calle de Francisco Villaespesa| 16-20,España
41.65295,-4.72839,03/23/10 17:51:15,web,Calle de la Cebadería| 1-5| 47001 Valladolid| Spain,valladolid,47001,Calle de la Cebadería| 1-5,España
40.46367,-3.74922,03/23/10 17:53:12,web,Calle 30| 28035 Madrid| Spain,madrid,28035,Calle 30,España
40.30427,-3.90495,03/22/10 21:03:44,web,Carretera de Madrid a Badajoz| 28935 Móstoles| Spain,móstoles,28935,Carretera de Madrid a Badajoz,España
40.42326,-3.71086,03/22/10 21:11:46,web,Plaza de España| 28013 Madrid| Spain,madrid,28013,Plaza de España,España
40.34062,-3.86488,03/22/10 21:15:05,web,Glorieta de los Jazmines| 28933 Móstoles| Spain,móstoles,28933,Glorieta de los Jazmines,España
40.38389,-3.78445,03/22/10 21:19:22,web,A-5| 28024 Madrid| Spain,madrid,28024,A-5,España
40.4143,-3.7074,03/23/10 00:54:17,web,Calle Imperial| 18| 28012 Madrid| Spain,madrid,28012,Calle Imperial| 18,España
40.37756,-3.79277,03/23/10 00:54:23,web,A-5| 28024 Madrid| Spain,madrid,28024,A-5,España
40.4143,-3.7074,03/23/10 09:02:47,web,Calle Imperial| 18| 28012 Madrid| Spain,madrid,28012,Calle Imperial| 18,España
40.54754,-3.62675,03/23/10 09:21:00,web,Calle de San Roque| 2-8| 28701 San Sebastián de los Reyes| Spain,san sebastián de los reyes,28701,Calle de San Roque| 2-8,España
40.54767,-3.62647,03/23/10 09:31:15,web,Calle de San Roque| 8| 28701 San Sebastián de los Reyes| Spain,san sebastián de los reyes,28701,Calle de San Roque| 8,España
41.6614,-4.76665,03/23/10 12:24:40,web,Carretera León-Valladolid| 35-37| 47610 Zaratán| Spain,zaratán,47610,Carretera León-Valladolid| 35-37,España
40.47692,-3.75563,03/23/10 12:49:23,web,M-40| 28023 Madrid| Spain,madrid,28023,M-40,España
40.47692,-3.75563,03/23/10 13:27:09,web,M-40| 28023 Madrid| Spain,madrid,28023,M-40,España
40.40308,-3.69457,03/23/10 13:30:52,web,Calle de Palos de la Frontera| 19-35| 28045 Madrid| Spain,madrid,28045,Calle de Palos de la Frontera| 19-35,España
41.38862,2.16954,03/23/10 15:31:19,web,Passeig de Gràcia| 6| 08007 Barcelona| Spain,barcelona,08007,Passeig de Gràcia| 6,España
40.42297,-3.71171,03/23/10 15:52:43,web,Plaza de España| 28013 Madrid| Spain,madrid,28013,Plaza de España,España
40.45133,-3.69088,03/23/10 16:45:00,web,Paseo de la Castellana| 28046 Madrid| Spain,madrid,28046,Paseo de la Castellana,España
36.76273,-2.61759,03/23/10 16:46:30,web,Plaza de los Labradores| 1A| 04740 Roquetas de Mar| Spain,roquetas de mar,04740,Plaza de los Labradores| 1A,España
40.09505,0.14514,03/23/10 16:55:41,web,Plaza del Príncipe de Asturias| 20-24| 12594 Oropesa del Mar| Spain,oropesa del mar,12594,Plaza del Príncipe de Asturias| 20-24,España
40.42326,-3.71086,03/23/10 00:54:19,web,Plaza de España| 28013 Madrid| Spain,madrid,28013,Plaza de España,España
40.31141,-3.8904,03/23/10 00:54:20,web,Av de Portugal| 28935 Móstoles| Spain,móstoles,28935,Av de Portugal,España
40.30427,-3.90495,03/23/10 00:54:23,web,Carretera de Madrid a Badajoz| 28935 Móstoles| Spain,móstoles,28935,Carretera de Madrid a Badajoz,España
40.37807,-3.75471,03/23/10 00:54:24,web,Calle de Jacobinia| 22-90| 28047 Madrid| Spain,madrid,28047,Calle de Jacobinia| 22-90,España
40.54743,-3.62693,03/23/10 09:31:56,web,Calle de San Roque| 2-8| 28701 San Sebastián de los Reyes| Spain,san sebastián de los reyes,28701,Calle de San Roque| 2-8,España
40.41936,-3.72065,03/23/10 11:41:17,web,Av de Portugal| 28008 Madrid| Spain,madrid,28008,Av de Portugal,España
40.38389,-3.78445,03/23/10 12:03:02,web,A-5| 28024 Madrid| Spain,madrid,28024,A-5,España
40.41748,-3.69849,03/23/10 14:17:21,web,Calle de Cedaceros| 6| 28014 Madrid| Spain,madrid,28014,Calle de Cedaceros| 6,España
37.63629,-0.9659,03/23/10 16:45:08,web,Camino Rural XIV Sifón| 30310 Cartagena| Spain,cartagena,30310,Camino Rural XIV Sifón,España
40.81596,-5.05614,03/23/10 17:41:02,web,Carretera de Herreros de Suso| 05146 Herreros de Suso| Spain,herreros de suso,05146,Carretera de Herreros de Suso,España
40.81596,-5.05614,03/23/10 17:43:12,web,Carretera de Herreros de Suso| 05146 Herreros de Suso| Spain,herreros de suso,05146,Carretera de Herreros de Suso,España
40.41362,-3.71367,03/22/10 21:02:33,web,Calle de Bailén| 23-27| 28005 Madrid| Spain,madrid,28005,Calle de Bailén| 23-27,España
40.37675,-3.75093,03/22/10 21:13:58,web,Calle de Jacobinia| 22-90| 28047 Madrid| Spain,madrid,28047,Calle de Jacobinia| 22-90,España
40.34062,-3.86488,03/23/10 00:54:17,web,Glorieta de los Jazmines| 28933 Móstoles| Spain,móstoles,28933,Glorieta de los Jazmines,España
41.65295,-4.72839,03/23/10 12:10:31,web,Calle de la Cebadería| 1-5| 47001 Valladolid| Spain,valladolid,47001,Calle de la Cebadería| 1-5,España
40.70762,-3.99601,03/23/10 13:32:12,web,Calle de los Olivos| 4-10| 28490 Becerril de la Sierra| Spain,becerril de la sierra,28490,Calle de los Olivos| 4-10,España
42.93296,-8.51501,03/23/10 15:22:50,web,Balsoma| 15705 Santiago de Compostela| Spain,santiago de compostela,,Balsoma,España
40.30406,-3.90558,03/23/10 18:15:11,web,Carretera de Madrid a Badajoz| 28935 Móstoles| Spain,móstoles,28935,Carretera de Madrid a Badajoz,España
37.63629,-0.9659,03/23/10 20:32:37,web,Camino Rural XIV Sifón| 30310 Cartagena| Spain,cartagena,30310,Camino Rural XIV Sifón,España
40.46367,-3.74922,03/23/10 23:38:22,web,Calle 30| 28035 Madrid| Spain,madrid,28035,Calle 30,España
40.41748,-3.69849,03/23/10 23:38:29,web,Calle de Cedaceros| 6| 28014 Madrid| Spain,madrid,28014,Calle de Cedaceros| 6,España
28.48021,-16.31243,03/24/10 01:14:07,web,TF-180| 38205 San Cristóbal de La Laguna| Spain,san cristóbal de la laguna,38205,TF-180,España
40.38474,-3.78359,03/24/10 02:38:53,web,Paseo de Extremadura| 404| 28024 Madrid| Spain,madrid,28024,Paseo de Extremadura| 404,España
42.87147,-8.55087,03/24/10 10:50:02,web,AC-543| 23| 15706 Santiago de Compostela| Spain,santiago de compostela,15706,AC-543| 23,España
40.4203,-3.7165,03/24/10 13:12:30,web,Cuesta de San Vicente| 26-28| 28008 Madrid| Spain,madrid,28008,Cuesta de San Vicente| 26-28,España
42.9622,-6.37997,03/24/10 14:43:03,web,CL-631| 24100 Villablino| Spain,villablino,24100,CL-631,España
37.77915,-3.79758,03/24/10 14:49:13,web,Calle del Doctor Severo Ochoa| 5| 23006 Jaen| Spain,jaén,23006,Calle del Doctor Severo Ochoa| 5,España
40.49239,-3.67501,03/24/10 18:30:50,web,Camino de Fuencarral a Hortaleza| 28050 Madrid| Spain,madrid,28050,Camino de Fuencarral a Hortaleza,España
40.33343,-3.87916,03/25/10 11:49:39,web,Av de los Abogados de Atocha| 28935 Móstoles| Spain,móstoles,28935,Av de los Abogados de Atocha,España
40.46852,-3.71212,03/25/10 12:43:50,web,Camino del Chorrillo| 28039 Madrid| Spain,madrid,28039,Camino del Chorrillo,España
40.42702,-3.72355,03/26/10 12:47:59,web,Calle de Francisco y Jacinto Alcántara| 3| 28008 Madrid| Spain,madrid,28008,Calle de Francisco y Jacinto Alcántara| 3,España
40.3048,-3.90306,03/23/10 18:19:25,web,Carretera de Madrid a Badajoz| 28935 Móstoles| Spain,móstoles,28935,Carretera de Madrid a Badajoz,España
40.55654,-3.63523,03/23/10 23:25:57,web,Av de Antonio Machado| 3-39| 28702 San Sebastián de los Reyes| Spain,san sebastián de los reyes,28702,Av de Antonio Machado| 3-39,España
40.38474,-3.78359,03/24/10 00:12:20,web,Paseo de Extremadura| 404| 28024 Madrid| Spain,madrid,28024,Paseo de Extremadura| 404,España
-31.63352,-60.70062,03/24/10 01:42:21,web,Pedro Vittori 3702-3800| Santa Fe| Argentina,santa fe,,Pedro Vittori,España
40.44912,-3.77734,03/24/10 13:11:46,web,Carretera de Húmera| 28023 Madrid| Spain,madrid,28023,Carretera de Húmera,España
37.39974,-5.94456,03/24/10 13:32:17,web,Av del Alcalde Luis Uruñuela| 41020 Seville| Spain,sevilla,41020,Av del Alcalde Luis Uruñuela,España
40.41432,-3.70748,03/24/10 15:12:20,web,Calle Imperial| 18| 28012 Madrid| Spain,madrid,28012,Calle Imperial| 18,España
40.39464,-3.73867,03/25/10 11:10:34,web,Calle Vía Carpetana| 103| 28047 Madrid| Spain,madrid,28047,Calle Vía Carpetana| 103,España
40.42702,-3.72355,03/25/10 12:36:43,web,Calle de Francisco y Jacinto Alcántara| 3| 28008 Madrid| Spain,madrid,28008,Calle de Francisco y Jacinto Alcántara| 3,España
41.57882,2.54524,03/25/10 13:12:27,web,Carrer del Hort del Bisbe| 1-66| 08350 Arenys de Mar| Spain,arenys de mar,08350,Carrer del Hort del Bisbe| 1-66,España
40.39908,-3.73018,03/25/10 18:25:42,web,Paseo de la Ermita del Santo| 76| 28019 Madrid| Spain,madrid,28019,Paseo de la Ermita del Santo| 76,España
40.42538,-3.72161,03/26/10 12:47:57,web,Calle de la Rosaleda| 1| 28008 Madrid| Spain,madrid,28008,Calle de la Rosaleda| 1,España
40.3048,-3.90306,03/23/10 18:28:47,web,Carretera de Madrid a Badajoz| 28935 Móstoles| Spain,móstoles,28935,Carretera de Madrid a Badajoz,España
40.42124,-3.70038,03/23/10 20:16:45,web,Calle de Hortaleza| 14-34| 28004 Madrid| Spain,madrid,28004,Calle de Hortaleza| 14-34,España
40.42326,-3.71086,03/23/10 23:38:31,web,Plaza de España| 28013 Madrid| Spain,madrid,28013,Plaza de España,España
40.37349,-3.72505,03/23/10 23:38:34,web,Av de los Poblados| 141| 28025 Madrid| Spain,madrid,28025,Av de los Poblados| 141,España
40.30597,-3.66428,03/24/10 00:30:29,web,Vereda de la Torrecilla| 28906 Getafe| Spain,getafe,28906,Vereda de la Torrecilla,España
40.32774,-3.88644,03/24/10 10:28:10,web,Calle de Joaquín Blume| 28935 Móstoles| Spain,móstoles,28935,Calle de Joaquín Blume,España
40.46474,-3.79267,03/24/10 13:13:01,web,A-6| 28023 Madrid| Spain,madrid,28023,A-6,España
40.43389,-3.53294,03/24/10 13:41:38,web,Av de San Pablo| 39-41| 28823 Coslada| Spain,coslada,28823,Av de San Pablo| 39-41,España
43.33444,-8.40799,03/24/10 14:12:30,web,Lugar Lamelas| 81B| 15008 Corunna| Spain,a coruña,15008,Lugar Lamelas| 81B,España
43.34303,-8.41109,03/24/10 14:13:13,web,Avenida de San Cristóbal| 41| 15008 Corunna| Spain,a coruña,15008,Avenida de San Cristóbal| 41,España
40.41995,-3.70108,03/24/10 16:07:52,iphone,Calle Gran Vía| 13-21| 28013 Madrid| Spain,madrid,28013,Calle Gran Vía| 13-21,España
40.4203,-3.7165,03/24/10 19:17:45,web,Cuesta de San Vicente| 26-28| 28008 Madrid| Spain,madrid,28008,Cuesta de San Vicente| 26-28,España
40.38711,-3.74519,03/25/10 11:14:17,web,Calle de Guabairo| 8| 28047 Madrid| Spain,madrid,28047,Calle de Guabairo| 8,España
43.22043,-2.69839,03/23/10 18:35:17,web,Amorebieta-Etxano| Spain,amorebieta,48340,Amorebieta-Etxano,España
40.42124,-3.70038,03/23/10 23:37:17,web,Calle de Hortaleza| 14-34| 28004 Madrid| Spain,madrid,28004,Calle de Hortaleza| 14-34,España
40.42933,-3.64353,03/23/10 23:38:24,web,Calle de Francisco Villaespesa| 16-20| 28017 Madrid| Spain,madrid,28017,Calle de Francisco Villaespesa| 16-20,España
40.40638,-3.73326,03/23/10 23:38:26,web,Calle de Turaco| 2| 28011 Madrid| Spain,madrid,28011,Calle de Turaco| 2,España
40.37346,-3.73299,03/23/10 23:38:32,web,Av de los Poblados| 110| 28025 Madrid| Spain,madrid,28025,Av de los Poblados| 110,España
40.41669,-3.70035,03/24/10 00:09:54,web,Palacio de Comunicaciones| 28014 Madrid| Spain,madrid,28014,Palacio de Comunicaciones,España
40.32277,-3.86574,03/24/10 10:12:51,web,Calle de Malasaña| 1| 28934 Móstoles| Spain,móstoles,28934,Calle de Malasaña| 1,España
40.39838,-3.73493,03/24/10 11:27:31,web,Calle Vía Carpetana| 51-55| 28047 Madrid| Spain,madrid,28047,Calle Vía Carpetana| 51-55,España
40.39838,-3.73493,03/24/10 14:04:42,web,Calle Vía Carpetana| 51-55| 28047 Madrid| Spain,madrid,28047,Calle Vía Carpetana| 51-55,España
40.47754,-3.68604,03/24/10 18:01:32,web,Paseo de la Castellana| 28046 Madrid| Spain,madrid,28046,Paseo de la Castellana,España
40.38014,-3.78503,03/24/10 20:40:31,web,Av de la Aviación| 28044 Madrid| Spain,madrid,28044,Av de la Aviación,España
40.41449,-3.70288,03/24/10 23:49:31,iphone,Plaza del Ángel| 3| 28012 Madrid| Spain,madrid,28012,Plaza del Ángel| 3,España
40.33356,-3.88139,03/25/10 11:47:38,web,Carretera de Extremadura| 28935 Móstoles| Spain,móstoles,28935,Carretera de Extremadura,España
40.42197,-3.71634,03/25/10 12:33:38,web,Calle de Irún| 11| 28008 Madrid| Spain,madrid,28008,Calle de Irún| 11,España
40.42206,-3.71309,03/26/10 12:47:39,web,Cuesta de San Vicente| 2| 28008 Madrid| Spain,madrid,28008,Cuesta de San Vicente| 2,España
40.42534,-3.68765,03/26/10 14:17:51,web,Calle de Goya| 4| 28001 Madrid| Spain,madrid,28001,Calle de Goya| 4,España
40.30406,-3.90558,03/23/10 18:47:00,web,Carretera de Madrid a Badajoz| 28935 Móstoles| Spain,móstoles,28935,Carretera de Madrid a Badajoz,España
42.87147,-8.55087,03/23/10 22:51:51,web,AC-543| 23| 15706 Santiago de Compostela| Spain,santiago de compostela,15706,AC-543| 23,España
40.41669,-3.70035,03/23/10 22:57:03,web,Palacio de Comunicaciones| 28014 Madrid| Spain,madrid,28014,Palacio de Comunicaciones,España
40.43272,-3.70883,03/23/10 23:38:27,web,Calle de Vallehermoso| 17-29| 28015 Madrid| Spain,madrid,28015,Calle de Vallehermoso| 17-29,España
40.40308,-3.69457,03/23/10 23:38:30,web,Calle de Palos de la Frontera| 19-35| 28045 Madrid| Spain,madrid,28045,Calle de Palos de la Frontera| 19-35,España
40.43398,-3.70261,03/24/10 00:40:30,web,Calle de Eloy Gonzalo| 12-22| 28010 Madrid| Spain,madrid,28010,Calle de Eloy Gonzalo| 12-22,España
-31.63181,-60.70631,03/24/10 01:39:37,web,1 de Mayo 3701-3799| Santa Fe| Argentina,santa fe,,1 de Mayo,España
40.31876,-3.87595,03/24/10 10:08:57,web,Calle de Alfonso XII| 2| 28934 Móstoles| Spain,móstoles,28934,Calle de Alfonso XII| 2,España
42.85118,-2.65547,03/24/10 10:40:26,web,Calle de Valladolid| 01002 Vitoria| Spain,vitoria-gasteiz,01002,Calle de Valladolid,España
42.13205,-0.40493,03/24/10 12:07:50,web,Calle del Casado del Alisal| 26-30| 22005 Huesca| Spain,huesca,22005,Calle del Casado del Alisal| 26-30,España
40.43389,-3.53294,03/24/10 14:05:34,web,Av de San Pablo| 39-41| 28823 Coslada| Spain,coslada,28823,Av de San Pablo| 39-41,España
43.34303,-8.41109,03/24/10 14:46:51,web,Avenida de San Cristóbal| 41| 15008 Corunna| Spain,a coruña,15008,Avenida de San Cristóbal| 41,España
40.42538,-3.72161,03/25/10 12:43:58,web,Calle de la Rosaleda| 1| 28008 Madrid| Spain,madrid,28008,Calle de la Rosaleda| 1,España
40.46318,-3.69941,03/25/10 16:54:51,web,Calle de Gonzalo Herrero| 9-19| 28039 Madrid| Spain,madrid,28039,Calle de Gonzalo Herrero| 9-19,España
40.45133,-3.69088,03/23/10 19:06:12,web,Paseo de la Castellana| 28046 Madrid| Spain,madrid,28046,Paseo de la Castellana,España
40.38474,-3.78359,03/23/10 19:57:18,web,Paseo de Extremadura| 404| 28024 Madrid| Spain,madrid,28024,Paseo de Extremadura| 404,España
40.41362,-3.71367,03/23/10 23:37:24,web,Calle de Bailén| 23-27| 28005 Madrid| Spain,madrid,28005,Calle de Bailén| 23-27,España
40.42168,-3.65773,03/23/10 23:38:24,web,Calle del Alcalde Sáinz de Baranda| 28017 Madrid| Spain,madrid,28017,Calle del Alcalde Sáinz de Baranda,España
40.47692,-3.75563,03/23/10 23:38:29,web,M-40| 28023 Madrid| Spain,madrid,28023,M-40,España
40.42079,-3.70098,03/24/10 16:08:28,iphone,Calle de Hortaleza| 7-11| 28004 Madrid| Spain,madrid,28004,Calle de Hortaleza| 7-11,España
40.41995,-3.70108,03/24/10 18:07:37,web,Calle Gran Vía| 13-21| 28013 Madrid| Spain,madrid,28013,Calle Gran Vía| 13-21,España
40.43389,-3.53294,03/24/10 19:17:43,web,Av de San Pablo| 39-41| 28823 Coslada| Spain,coslada,28823,Av de San Pablo| 39-41,España
40.37711,-3.78343,03/24/10 20:34:45,web,Av de la Aviación| 28044 Madrid| Spain,madrid,28044,Av de la Aviación,España
40.67865,-3.97115,03/24/10 22:51:36,web,Av de la Salud| 2| 28411 Moralzarzal| Spain,moralzarzal,28411,Av de la Salud| 2,España
40.39578,-3.73789,03/25/10 11:09:14,web,Calle Vía Carpetana| 87| 28047 Madrid| Spain,madrid,28047,Calle Vía Carpetana| 87,España
40.39908,-3.73018,03/25/10 11:17:28,web,Paseo de la Ermita del Santo| 76| 28019 Madrid| Spain,madrid,28019,Paseo de la Ermita del Santo| 76,España
40.36738,-3.75411,03/25/10 12:26:59,web,Calle de Allariz| 3| 28044 Madrid| Spain,madrid,28044,Calle de Allariz| 3,España
41.57475,2.54145,03/25/10 13:11:50,web,N-II| 08350 Arenys de Mar| Spain,arenys de mar,08350,N-II,España
40.46304,-3.69893,03/25/10 16:47:28,web,Calle de Gonzalo Herrero| 9-19| 28039 Madrid| Spain,madrid,28039,Calle de Gonzalo Herrero| 9-19,España
40.37678,-3.78114,03/26/10 14:12:15,web,Calle de Mirabel| 1-5| 28044 Madrid| Spain,madrid,28044,Calle de Mirabel| 1-5,España
40.42124,-3.70038,03/23/10 20:45:31,web,Calle de Hortaleza| 14-34| 28004 Madrid| Spain,madrid,28004,Calle de Hortaleza| 14-34,España
40.38474,-3.78359,03/23/10 23:38:21,web,Paseo de Extremadura| 404| 28024 Madrid| Spain,madrid,28024,Paseo de Extremadura| 404,España
40.38948,-3.713,03/23/10 23:38:23,web,A-42| 28019 Madrid| Spain,madrid,28019,A-42,España
40.45133,-3.69088,03/23/10 23:38:25,web,Paseo de la Castellana| 28046 Madrid| Spain,madrid,28046,Paseo de la Castellana,España
41.65295,-4.72839,03/24/10 00:12:30,web,Calle de la Cebadería| 1-5| 47001 Valladolid| Spain,valladolid,47001,Calle de la Cebadería| 1-5,España
-31.63181,-60.70631,03/24/10 01:34:02,web,1 de Mayo 3701-3799| Santa Fe| Argentina,santa fe,,1 de Mayo,España
-31.63131,-60.70609,03/24/10 01:37:09,web,Pje Irala 2802-2900| Santa Fe| Argentina,santa fe,,Pje Irala,España
40.43389,-3.53294,03/24/10 11:28:22,web,Av de San Pablo| 39-41| 28823 Coslada| Spain,coslada,28823,Av de San Pablo| 39-41,España
40.45185,-3.7854,03/24/10 12:25:59,web,Calle del Arroyo de Pozuelo| 103-115| 28023 Madrid| Spain,madrid,28023,Calle del Arroyo de Pozuelo| 103-115,España
40.43389,-3.53294,03/24/10 14:09:39,web,Av de San Pablo| 39-41| 28823 Coslada| Spain,coslada,28823,Av de San Pablo| 39-41,España
40.44912,-3.77734,03/24/10 15:40:47,web,Carretera de Húmera| 28023 Madrid| Spain,madrid,28023,Carretera de Húmera,España
40.37993,-3.78477,03/24/10 20:39:20,web,Av de la Aviación| 28044 Madrid| Spain,madrid,28044,Av de la Aviación,España
40.39092,-3.74313,03/25/10 11:12:39,web,Calle Vía Carpetana| 340| 28047 Madrid| Spain,madrid,28047,Calle Vía Carpetana| 340,España
40.3906,-3.7434,03/25/10 11:13:17,web,Calle Vía Carpetana| 342-344| 28047 Madrid| Spain,madrid,28047,Calle Vía Carpetana| 342-344,España
40.43287,-3.60021,03/25/10 19:43:37,web,Av de Arcentales| 28022 Madrid| Spain,madrid,28022,Av de Arcentales,España
40.41399,-3.6932,03/26/10 14:18:54,web,Paseo del Prado| 11| 28014 Madrid| Spain,madrid,28014,Paseo del Prado| 11,España
-31.63131,-60.70609,03/24/10 01:39:32,web,Pje Irala 2802-2900| Santa Fe| Argentina,santa fe,,Pje Irala,España
40.32774,-3.88644,03/24/10 10:15:26,web,Calle de Joaquín Blume| 28935 Móstoles| Spain,móstoles,28935,Calle de Joaquín Blume,España
40.40369,-3.75492,03/24/10 13:11:54,web,A-5| 277-279| 28011 Madrid| Spain,madrid,28011,A-5| 277-279,España
40.4228,-3.69924,03/24/10 18:25:41,web,Calle de Hortaleza| 62-70| 28004 Madrid| Spain,madrid,28004,Calle de Hortaleza| 62-70,España
40.42206,-3.71309,03/25/10 12:39:58,web,Cuesta de San Vicente| 2| 28008 Madrid| Spain,madrid,28008,Cuesta de San Vicente| 2,España
40.63448,-3.19104,03/25/10 13:06:48,web,Calle de Francisco Aritio| 19004 Guadalajara| Spain,guadalajara,19004,Calle de Francisco Aritio,España
36.71923,-4.4171,03/25/10 13:07:12,web,Paseo del Parque| 1| 29016 Malaga| Spain,málaga,29016,Paseo del Parque| 1,España
40.43055,-3.59725,03/25/10 19:42:29,web,Av de Arcentales| 28022 Madrid| Spain,madrid,28022,Av de Arcentales,España
40.39908,-3.73018,03/26/10 12:47:49,web,Paseo de la Ermita del Santo| 76| 28019 Madrid| Spain,madrid,28019,Paseo de la Ermita del Santo| 76,España
40.46304,-3.69893,03/26/10 13:48:16,web,Calle de Gonzalo Herrero| 9-19| 28039 Madrid| Spain,madrid,28039,Calle de Gonzalo Herrero| 9-19,España
40.42326,-3.69813,03/26/10 17:11:47,web,Calle de Pelayo| 36-64| 28004 Madrid| Spain,madrid,28004,Calle de Pelayo| 36-64,España
40.40698,-3.8994,03/26/10 17:12:57,web,Calle de Miguel de Unamuno| 9| 28660 Boadilla del Monte| Spain,boadilla del monte,28660,Calle de Miguel de Unamuno| 9,España
40.29976,-3.90821,03/26/10 17:13:42,web,Calle de los Carpinteros| 28939 Arroyomolinos| Spain,arroyomolinos,28939,Calle de los Carpinteros,España
40.37678,-3.78114,03/26/10 17:34:52,web,Calle de Mirabel| 1-5| 28044 Madrid| Spain,madrid,28044,Calle de Mirabel| 1-5,España
40.42534,-3.68765,03/26/10 17:34:57,web,Calle de Goya| 4| 28001 Madrid| Spain,madrid,28001,Calle de Goya| 4,España
40.42206,-3.71309,03/26/10 17:35:00,web,Cuesta de San Vicente| 2| 28008 Madrid| Spain,madrid,28008,Cuesta de San Vicente| 2,España
40.46318,-3.69941,03/26/10 17:35:01,web,Calle de Gonzalo Herrero| 9-19| 28039 Madrid| Spain,madrid,28039,Calle de Gonzalo Herrero| 9-19,España
40.55654,-3.63523,03/26/10 19:46:33,web,Av de Antonio Machado| 3-39| 28702 San Sebastián de los Reyes| Spain,san sebastián de los reyes,28702,Av de Antonio Machado| 3-39,España
28.29156,-16.62913,03/26/10 17:36:39,web,Parque Nacional del Teide| 38300 Orotava| Spain,la orotava,38300,Parque Nacional del Teide,España
28.46786,-16.28597,03/26/10 17:37:35,web,TF-180| 344-346| 38320 San Cristóbal de La Laguna| Spain,san cristóbal de la laguna,,Cuesta,España
40.26884,-3.92029,03/27/10 18:08:51,web,Calle de Griñón| 1| 28939 Arroyomolinos| Spain,arroyomolinos,28939,Calle de Griñón| 1,España
40.36365,-3.77822,03/27/10 19:21:56,web,Carretera de Acceso al Barrio de la Fortuna| 31-33| 28054 Madrid| Spain,madrid,28054,Carretera de Acceso al Barrio de la Fortuna| 31-33,España
40.41689,-3.69842,03/30/10 12:49:38,web,Calle de Cedaceros| 10| 28014 Madrid| Spain,madrid,28014,Calle de Cedaceros| 10,España
42.9622,-6.37997,03/30/10 19:00:14,web,CL-631| 24100 Villablino| Spain,villablino,24100,CL-631,España
42.9622,-6.37997,03/30/10 19:02:01,web,CL-631| 24100 Villablino| Spain,villablino,24100,CL-631,España
42.9622,-6.37997,03/30/10 19:06:25,web,CL-631| 24100 Villablino| Spain,villablino,24100,CL-631,España
42.9622,-6.37997,03/30/10 19:33:03,web,CL-631| 24100 Villablino| Spain,villablino,24100,CL-631,España
40.38014,-3.78503,03/30/10 19:50:04,web,Av de la Aviación| 28044 Madrid| Spain,madrid,28044,Av de la Aviación,España
43.37087,-8.39584,03/31/10 11:28:45,web,Plaza del General Millán Astray| 15001 Corunna| Spain,a coruña,15001,Plaza del General Millán Astray,España
40.36509,-3.77496,03/27/10 19:22:15,web,Carretera de Acceso al Barrio de la Fortuna| 16| 28054 Madrid| Spain,madrid,28054,Carretera de Acceso al Barrio de la Fortuna| 16,España
40.3659,-3.76844,03/27/10 19:22:51,web,Carretera de Acceso al Barrio de la Fortuna| 10| 28054 Madrid| Spain,madrid,28054,Carretera de Acceso al Barrio de la Fortuna| 10,España
40.39805,-3.6835,03/28/10 03:51:00,web,Calle de Méndez Álvaro| 48-54| 28045 Madrid| Spain,madrid,28045,Calle de Méndez Álvaro| 48-54,España
40.29976,-3.90821,03/28/10 22:27:29,web,Calle de los Carpinteros| 28939 Arroyomolinos| Spain,arroyomolinos,28939,Calle de los Carpinteros,España
40.33176,-3.88435,03/30/10 15:56:18,web,Carretera de Villaviciosa| 28935 Móstoles| Spain,móstoles,28935,Carretera de Villaviciosa,España
42.9622,-6.37997,03/30/10 18:58:47,web,CL-631| 24100 Villablino| Spain,villablino,24100,CL-631,España
40.42942,-3.68909,03/28/10 23:08:29,web,Paseo de la Castellana| 28046 Madrid| Spain,madrid,28046,Paseo de la Castellana,España
40.36612,-3.69398,03/30/10 10:55:41,web,Av de Andalucía| 28041 Madrid| Spain,madrid,28041,Av de Andalucía,España
42.9622,-6.37997,03/30/10 18:55:16,web,CL-631| 24100 Villablino| Spain,villablino,24100,CL-631,España
37.63629,-0.9659,03/30/10 19:07:37,web,Camino Rural XIV Sifón| 30310 Cartagena| Spain,cartagena,30310,Camino Rural XIV Sifón,España
42.9622,-6.37997,03/30/10 19:09:48,web,CL-631| 24100 Villablino| Spain,villablino,24100,CL-631,España
40.42942,-3.68909,03/29/10 10:20:51,web,Paseo de la Castellana| 28046 Madrid| Spain,madrid,28046,Paseo de la Castellana,España
42.9622,-6.37997,03/30/10 19:01:00,web,CL-631| 24100 Villablino| Spain,villablino,24100,CL-631,España
41.38862,2.16954,03/30/10 19:11:00,web,Passeig de Gràcia| 6| 08007 Barcelona| Spain,barcelona,08007,Passeig de Gràcia| 6,España
41.57882,2.54524,03/30/10 19:17:05,web,Carrer del Hort del Bisbe| 1-66| 08350 Arenys de Mar| Spain,arenys de mar,08350,Carrer del Hort del Bisbe| 1-66,España
42.9622,-6.37997,03/30/10 19:32:19,web,CL-631| 24100 Villablino| Spain,villablino,24100,CL-631,España
42.9622,-6.37997,03/31/10 10:37:27,web,CL-631| 24100 Villablino| Spain,villablino,24100,CL-631,España
40.09505,0.14514,03/31/10 11:31:55,web,Plaza del Príncipe de Asturias| 20-24| 12594 Oropesa del Mar| Spain,oropesa del mar,12594,Plaza del Príncipe de Asturias| 20-24,España
40.41294,-3.71331,03/29/10 21:35:28,iphone,Calle de la Morería| 9| 28005 Madrid| Spain,madrid,28005,Calle de la Morería| 9,España
40.41306,-3.71329,03/29/10 21:39:42,web,Calle de la Morería| 9| 28005 Madrid| Spain,madrid,28005,Calle de la Morería| 9,España
41.57882,2.54524,03/30/10 19:05:23,web,Carrer del Hort del Bisbe| 1-66| 08350 Arenys de Mar| Spain,arenys de mar,08350,Carrer del Hort del Bisbe| 1-66,España
40.37756,-3.79277,03/30/10 19:49:28,web,A-5| 28024 Madrid| Spain,madrid,28024,A-5,España
40.42261,-3.71239,03/29/10 21:53:59,web,Plaza de España| 28013 Madrid| Spain,madrid,28013,Plaza de España,España
40.39369,-3.77158,03/30/10 10:53:10,web,Av de los Poblados| 28024 Madrid| Spain,madrid,28024,Av de los Poblados,España
40.41306,-3.71329,03/30/10 10:55:52,web,Calle de la Morería| 9| 28005 Madrid| Spain,madrid,28005,Calle de la Morería| 9,España
42.9622,-6.37997,03/30/10 18:57:29,web,CL-631| 24100 Villablino| Spain,villablino,24100,CL-631,España
42.9622,-6.37997,03/30/10 19:09:05,web,CL-631| 24100 Villablino| Spain,villablino,24100,CL-631,España
40.4086,-3.6911,03/30/10 10:53:35,web,Paseo de la Infanta Isabel| 1| 28014 Madrid| Spain,madrid,28014,Paseo de la Infanta Isabel| 1,España
40.41294,-3.71331,03/30/10 10:55:58,web,Calle de la Morería| 9| 28005 Madrid| Spain,madrid,28005,Calle de la Morería| 9,España
40.33112,-3.88425,03/30/10 15:55:32,web,Carretera de Villaviciosa| 28935 Móstoles| Spain,móstoles,28935,Carretera de Villaviciosa,España
42.9622,-6.37997,03/30/10 19:08:33,web,CL-631| 24100 Villablino| Spain,villablino,24100,CL-631,España
43.34303,-8.41109,03/30/10 19:52:12,web,Avenida de San Cristóbal| 41| 15008 Corunna| Spain,a coruña,15008,Avenida de San Cristóbal| 41,España
42.9622,-6.37997,03/30/10 19:09:23,web,CL-631| 24100 Villablino| Spain,villablino,24100,CL-631,España
42.9622,-6.37997,03/30/10 19:10:38,web,CL-631| 24100 Villablino| Spain,villablino,24100,CL-631,España
40.33176,-3.88435,03/31/10 00:04:16,web,M-856| 28935 Móstoles| Spain,móstoles,28935,M-856,España
41.65295,-4.72839,03/31/10 14:14:12,web,Calle de la Cebadería| 1-5| 47001 Valladolid| Spain,valladolid,47001,Calle de la Cebadería| 1-5,España
42.9622,-6.37997,03/31/10 16:16:13,web,CL-631| 24100 Villablino| Spain,villablino,24100,CL-631,España
40.37624,-3.75003,03/31/10 20:22:48,web,Av de los Poblados| 28044 Madrid| Spain,madrid,28044,Av de los Poblados,España
40.47947,-3.63733,04/02/10 08:03:29,web,M-11| 28033 Madrid| Spain,madrid,28033,M-11,España
40.38711,-3.74519,04/02/10 11:21:44,web,Calle de Guabairo| 8| 28047 Madrid| Spain,madrid,28047,Calle de Guabairo| 8,España
41.24598,-3.7078,04/04/10 01:38:55,web,Calle Fuente| 3| 40310 Sepúlveda| Spain,sepúlveda,,Perorrubio,España
40.09505,0.14514,04/02/10 11:20:19,web,Plaza del Príncipe de Asturias| 20-24| 12594 Oropesa del Mar| Spain,oropesa del mar,12594,Plaza del Príncipe de Asturias| 20-24,España
40.41449,-3.70288,04/03/10 00:48:23,web,Plaza del Ángel| 3| 28012 Madrid| Spain,madrid,28012,Plaza del Ángel| 3,España
40.37624,-3.75003,04/02/10 11:20:39,web,Av de los Poblados| 28044 Madrid| Spain,madrid,28044,Av de los Poblados,España
40.36738,-3.75411,04/02/10 11:21:19,web,Calle de Allariz| 3| 28044 Madrid| Spain,madrid,28044,Calle de Allariz| 3,España
41.24598,-3.7078,04/04/10 01:33:39,web,Calle Fuente| 3| 40310 Sepúlveda| Spain,sepúlveda,,Perorrubio,España
40.37624,-3.75003,04/02/10 14:18:14,web,Av de los Poblados| 28044 Madrid| Spain,madrid,28044,Av de los Poblados,España
40.43102,-3.70525,04/03/10 20:59:47,web,Calle de San Bernardo| 98-114| 28015 Madrid| Spain,madrid,28015,Calle de San Bernardo| 98-114,España
40.42322,-3.70992,04/04/10 15:54:18,web,Calle del General Mitre| 28015 Madrid| Spain,madrid,28015,Calle del General Mitre,España
40.33176,-3.88435,04/05/10 18:17:03,web,M-856| 28935 Móstoles| Spain,móstoles,28935,M-856,España
41.24598,-3.7078,04/05/10 23:05:27,web,Calle Fuente| 3| 40310 Sepúlveda| Spain,sepúlveda,,Perorrubio,España
40.36612,-3.69398,04/07/10 01:17:27,web,Av de Andalucía| 28041 Madrid| Spain,madrid,28041,Av de Andalucía,España
40.42315,-3.71269,04/07/10 09:37:20,manual,Plaza de España SN| 28013 Madrid,,,,España
40.46474,-3.79267,04/07/10 10:13:02,web,Av del Padre Huidobro| 28023 Madrid| Spain,madrid,28023,Av del Padre Huidobro,España
40.42315,-3.70999,04/07/10 11:21:35,web,Calle del General Mitre| 28015 Madrid| Spain,madrid,28015,Calle del General Mitre,España
40.39855,-3.68377,04/07/10 09:19:51,web,Calle de Méndez Álvaro| 48| 28045 Madrid| Spain,madrid,28045,Calle de Méndez Álvaro| 48,España
40.3659,-3.76837,04/07/10 09:27:44,web,Carretera de Acceso al Barrio de la Fortuna| 10| 28054 Madrid| Spain,madrid,28054,Carretera de Acceso al Barrio de la Fortuna| 10,España
40.3934,-3.77103,04/07/10 09:37:12,manual,Av de los Poblados| 7| 28024 Madrid| Spain,madrid,28024,Av de los Poblados| 7,España
40.41689,-3.69842,04/07/10 09:37:31,manual,Calle de Cedaceros| 10| 28014 Madrid| Spain,madrid,28014,Calle de Cedaceros| 10,España
40.36247,-3.69385,04/07/10 09:38:10,manual,Av de Andalucía| 28041 Madrid| Spain,madrid,28041,Av de Andalucía,España
40.41329,-3.71476,04/07/10 09:35:39,web,Calle de Beatriz Galindo| 28005 Madrid| Spain,madrid,28005,Calle de Beatriz Galindo,España
40.45415,-3.68937,04/07/10 09:36:44,manual,Paseo de la Castellana| 28036 Madrid| Spain,madrid,28036,Paseo de la Castellana,España
40.42331,-3.70979,04/07/10 09:37:52,manual,Calle de Ricardo León| 7| 28015 Madrid| Spain,madrid,28015,Calle de Ricardo León| 7,España
40.3659,-3.76837,04/07/10 09:36:11,manual,Carretera de Acceso al Barrio de la Fortuna| 10| 28054 Madrid| Spain,madrid,28054,Carretera de Acceso al Barrio de la Fortuna| 10,España
40.36512,-3.77398,04/07/10 09:36:31,manual,Carretera de Acceso al Barrio de la Fortuna| 16| 28054 Madrid| Spain,madrid,28054,Carretera de Acceso al Barrio de la Fortuna| 16,España
40.38106,-3.7571,04/07/10 09:37:44,manual,Av de los Poblados| 28044 Madrid| Spain,madrid,28044,Av de los Poblados,España
42.59043,-5.57386,04/07/10 09:39:40,web,Calle de San Vicente Mártir| 10| 24004 Leon| Spain,león,24004,Calle de San Vicente Mártir| 10,España
40.40893,-3.69174,04/07/10 09:37:03,manual,Paseo de la Infanta Isabel| 1| 28014 Madrid| Spain,madrid,28014,Paseo de la Infanta Isabel| 1,España
40.35926,-3.56648,04/07/10 14:31:24,web,Autopista M-50| 28031 Madrid| Spain,madrid,28031,Autopista M-50,España
40.43035,-3.7055,04/07/10 09:38:01,manual,Calle de San Bernardo| 98| 28015 Madrid| Spain,madrid,28015,Calle de San Bernardo| 98,España
40.43424,-3.53288,04/07/10 09:38:19,manual,Av de San Pablo| 39| 28823 Coslada| Spain,coslada,28823,Av de San Pablo| 39,España
40.43424,-3.53288,04/08/10 16:00:32,web,Av de San Pablo| 39| 28823 Coslada| Spain,coslada,28823,Av de San Pablo| 39,España
40.43258,-3.68027,04/08/10 16:41:52,web,Calle de Juan Bravo| 30| 28006 Madrid| Spain,madrid,28006,Calle de Juan Bravo| 30,España
40.42331,-3.70979,04/08/10 16:42:23,web,Calle de Ricardo León| 7| 28015 Madrid| Spain,madrid,28015,Calle de Ricardo León| 7,España
40.41449,-3.70288,04/08/10 23:23:19,web,Plaza del Ángel| 3| 28012 Madrid| Spain,madrid,28012,Plaza del Ángel| 3,España
40.43547,-3.68817,04/08/10 16:45:12,web,Calle del General Oráa| 2| 28046 Madrid| Spain,madrid,28046,Calle del General Oráa| 2,España
40.43547,-3.68817,04/08/10 16:48:11,web,Calle del General Oráa| 2| 28046 Madrid| Spain,madrid,28046,Calle del General Oráa| 2,España
40.42315,-3.70999,04/09/10 10:17:01,web,Calle del General Mitre| 28015 Madrid| Spain,madrid,28015,Calle del General Mitre,España
28.48021,-16.31243,04/12/10 15:57:22,web,Av de los Menceyes| 38205 San Cristóbal de La Laguna| Spain,san cristóbal de la laguna,38205,Av de los Menceyes,España
41.65295,-4.72839,04/12/10 16:05:48,web,Calle de la Cebadería| 1-5| 47001 Valladolid| Spain,valladolid,47001,Calle de la Cebadería| 1-5,España
40.3906,-3.7434,04/12/10 16:20:45,web,Calle Vía Carpetana| 342-344| 28047 Madrid| Spain,madrid,28047,Calle Vía Carpetana| 342-344,España
42.26298,-3.69924,04/12/10 16:48:24,web,Carretera de Burgos| 09620 Saldaña de Burgos| Spain,saldaña de burgos,09620,Carretera de Burgos,España
40.43258,-3.68027,04/12/10 16:48:25,web,Calle de Juan Bravo| 30| 28006 Madrid| Spain,madrid,28006,Calle de Juan Bravo| 30,España
40.37631,-3.77293,04/12/10 18:04:39,web,Calle del General Saliquet| 12-18| 28044 Madrid| Spain,madrid,28044,Calle del General Saliquet| 12-18,España
40.70762,-3.99601,04/12/10 16:13:29,web,Calle de los Olivos| 4-10| 28490 Becerril de la Sierra| Spain,becerril de la sierra,28490,Calle de los Olivos| 4-10,España
36.71923,-4.4171,04/12/10 16:23:39,web,Paseo del Parque| 1| 29016 Malaga| Spain,málaga,29016,Paseo del Parque| 1,España
40.43547,-3.68817,04/12/10 18:41:33,web,Calle del General Oráa| 2| 28046 Madrid| Spain,madrid,28046,Calle del General Oráa| 2,España
40.41962,-3.6889,04/13/10 11:44:04,web,Puerta de Alcalá| 8| 28014 Madrid| Spain,madrid,28014,Puerta de Alcalá| 8,España
40.41449,-3.70288,04/12/10 16:18:53,web,Plaza del Ángel| 3| 28012 Madrid| Spain,madrid,28012,Plaza del Ángel| 3,España
40.43258,-3.68027,04/12/10 16:19:42,web,Calle de Juan Bravo| 30| 28006 Madrid| Spain,madrid,28006,Calle de Juan Bravo| 30,España
41.65295,-4.72839,04/12/10 16:19:49,web,Calle de la Cebadería| 1-5| 47001 Valladolid| Spain,valladolid,47001,Calle de la Cebadería| 1-5,España
40.31506,-3.85477,04/12/10 16:34:36,web,Calle Nueva York| 38-42| 28936 Móstoles| Spain,móstoles,28936,Calle Nueva York| 38-42,España
42.26298,-3.69924,04/12/10 16:48:46,web,Carretera de Burgos| 09620 Saldaña de Burgos| Spain,saldaña de burgos,09620,Carretera de Burgos,España
40.43547,-3.68817,04/12/10 16:54:31,web,Calle del General Oráa| 2| 28046 Madrid| Spain,madrid,28046,Calle del General Oráa| 2,España
40.33734,-3.87832,04/13/10 00:22:46,web,E-90| 28935 Móstoles| Spain,móstoles,28935,E-90,España
40.4123,-3.65354,04/13/10 11:40:16,web,Av del Doctor García Tapia| 37| 28030 Madrid| Spain,madrid,28030,Av del Doctor García Tapia| 37,España
40.09505,0.14514,04/13/10 20:31:56,web,Plaza del Príncipe de Asturias| 20-24| 12594 Oropesa del Mar| Spain,oropesa del mar,12594,Plaza del Príncipe de Asturias| 20-24,España
40.38106,-3.7571,04/12/10 17:10:31,web,Av de los Poblados| 28044 Madrid| Spain,madrid,28044,Av de los Poblados,España
40.42023,-3.68693,04/13/10 11:43:42,web,Calle de Alcalá| 60| 28009 Madrid| Spain,madrid,28009,Calle de Alcalá| 60,España
40.41147,-3.67111,04/13/10 11:44:38,web,Calle de Jesús Aprendiz| 28009 Madrid| Spain,madrid,28009,Calle de Jesús Aprendiz,España
40.41114,-3.66765,04/13/10 11:45:05,web,Calle de los Astros| 11| 28007 Madrid| Spain,madrid,28007,Calle de los Astros| 11,España
40.42732,-3.69506,04/13/10 11:42:16,web,Calle de Génova| 1-5| 28004 Madrid| Spain,madrid,28004,Calle de Génova| 1-5,
40.33192,-3.85791,04/13/10 18:26:56,web,Av del Alcalde de Móstoles| 28932 Móstoles| Spain,móstoles,28932,Av del Alcalde de Móstoles,
40.95248,-4.11852,04/14/10 16:08:28,web,Calle del Cardenal Zúñiga| 40003 Segovia| Spain,segovia,40003,Calle del Cardenal Zúñiga,
40.41669,-3.70035,04/14/10 17:43:45,web,Palacio de Comunicaciones| 28014 Madrid| Spain,,,,
40.33325,-3.71305,04/14/10 18:12:40,web,Av Real de Pinto| 150-156| 28021 Madrid| Spain,madrid,28021,Av Real de Pinto| 150-156,
40.33325,-3.71305,04/14/10 18:16:49,web,Av Real de Pinto| 150-156| 28021 Madrid| Spain,madrid,28021,Av Real de Pinto| 150-156,
40.2039,-4.08417,04/14/10 21:37:54,web,Calle de Alcarias| 101-117| 45940 Valmojado| Spain,valmojado,45940,Calle de Alcarias| 101-117,
40.2039,-4.08417,04/14/10 23:57:42,web,Calle de Alcarias| 101-117| 45940 Valmojado| Spain,valmojado,45940,Calle de Alcarias| 101-117,
40.41962,-3.6889,04/15/10 00:27:23,web,Puerta de Alcalá| 8| 28014 Madrid| Spain,madrid,28014,Puerta de Alcalá| 8,
40.38112,-3.78885,04/15/10 10:41:58,web,Calle de los Granaderos| 2| 28024 Madrid| Spain,madrid,28024,Calle de los Granaderos| 2,
40.44064,-3.68099,04/15/10 13:03:00,web,Calle de Joaquín Costa| 40| 28002 Madrid| Spain,madrid,28002,Calle de Joaquín Costa| 40,
40.42732,-3.69506,04/15/10 00:27:40,web,Calle de Génova| 1-5| 28004 Madrid| Spain,madrid,28004,Calle de Génova| 1-5,
43.31288,-1.92093,04/15/10 08:02:30,web,Calle de Eskalantegi| 108| 20017 San Sebastian| Spain,san sebastián,,Pasai Antxo,
40.42799,-3.72321,04/15/10 10:53:48,web,Calle de Francisco y Jacinto Alcántara| 28008 Madrid| Spain,madrid,28008,Calle de Francisco y Jacinto Alcántara,
40.42799,-3.72321,04/15/10 12:33:20,web,Calle de Francisco y Jacinto Alcántara| 28008 Madrid| Spain,madrid,28008,Calle de Francisco y Jacinto Alcántara,
40.4123,-3.65354,04/15/10 16:01:03,web,Av del Doctor García Tapia| 37| 28030 Madrid| Spain,madrid,28030,Av del Doctor García Tapia| 37,
41.38862,2.16954,04/16/10 11:38:16,web,Passeig de Gràcia| 6| 08007 Barcelona| Spain,barcelona,08007,Passeig de Gràcia| 6,España
40.44064,-3.68099,04/16/10 18:59:52,web,Calle de Joaquín Costa| 40| 28002 Madrid| Spain,madrid,28002,Calle de Joaquín Costa| 40,
40.33655,-3.87875,04/17/10 08:30:55,web,Carretera de Extremadura| 28935 Móstoles| Spain,móstoles,28935,Carretera de Extremadura,
40.33655,-3.87875,04/19/10 09:52:47,web,Autovía de Extremadura| 28935 Móstoles| Spain,móstoles,28935,Autovía de Extremadura,España
40.46845,-3.69777,04/19/10 10:54:12,web,Calle de Morando| 1-13| 28029 Madrid| Spain,madrid,28029,Calle de Morando| 1-13,Spain
40.46845,-3.69777,04/19/10 10:51:13,web,Calle de Morando| 1-13| 28029 Madrid| Spain,madrid,28029,Calle de Morando| 1-13,Spain
40.32277,-3.86574,04/19/10 11:23:05,web,Calle de Malasaña| 1| 28934 Móstoles| Spain,móstoles,28934,Calle de Malasaña| 1,Spain
40.33655,-3.87875,04/19/10 15:44:37,web,Autovía de Extremadura| 28935 Móstoles| Spain,móstoles,28935,Autovía de Extremadura,Spain
40.38014,-3.78503,04/19/10 23:14:55,web,Av de la Aviación| 28044 Madrid| Spain,madrid,28044,Av de la Aviación,Spain
40.36365,-3.77822,04/19/10 23:16:15,web,Carretera de Acceso al Barrio de la Fortuna| 31-33| 28054 Madrid| Spain,madrid,28054,Carretera de Acceso al Barrio de la Fortuna| 31-33,Spain
40.31605,-3.88152,04/19/10 11:25:11,web,Av de Portugal| 84| 28935 Móstoles| Spain,móstoles,28935,Av de Portugal| 84,Spain
40.37993,-3.78477,04/19/10 23:15:03,web,Av de la Aviación| 28044 Madrid| Spain,madrid,28044,Av de la Aviación,Spain
40.3659,-3.76837,04/19/10 23:15:39,web,Carretera de Acceso al Barrio de la Fortuna| 10| 28054 Madrid| Spain,madrid,28054,Carretera de Acceso al Barrio de la Fortuna| 10,Spain
40.40308,-3.69457,04/19/10 16:06:43,web,Calle de Palos de la Frontera| 19-35| 28045 Madrid| Spain,madrid,28045,Calle de Palos de la Frontera| 19-35,Spain
40.38112,-3.78885,04/19/10 23:14:40,web,Calle de los Granaderos| 2| 28024 Madrid| Spain,madrid,28024,Calle de los Granaderos| 2,Spain
40.37711,-3.78343,04/19/10 23:15:15,web,Av de la Aviación| 28044 Madrid| Spain,madrid,28044,Av de la Aviación,Spain
40.3659,-3.76844,04/19/10 23:15:45,web,Carretera de Acceso al Barrio de la Fortuna| 10| 28054 Madrid| Spain,madrid,28054,Carretera de Acceso al Barrio de la Fortuna| 10,Spain
40.36512,-3.77398,04/19/10 23:15:55,web,Carretera de Acceso al Barrio de la Fortuna| 16| 28054 Madrid| Spain,madrid,28054,Carretera de Acceso al Barrio de la Fortuna| 16,Spain
40.36509,-3.77496,04/19/10 23:16:02,web,Carretera de Acceso al Barrio de la Fortuna| 16| 28054 Madrid| Spain,madrid,28054,Carretera de Acceso al Barrio de la Fortuna| 16,Spain
40.41119,-3.69614,04/25/10 18:41:23,iphone,Calle de Atocha| 89-99| 28012 Madrid| Spain,madrid,28012,Calle de Atocha| 89-99,Spain
40.43272,-3.70883,04/27/10 11:41:00,web,Calle de Vallehermoso| 17-29| 28015 Madrid| Spain,madrid,28015,Calle de Vallehermoso| 17-29,España
40.41466,-3.70605,04/25/10 18:41:34,iphone,Plaza de la Provincia| 1| 28012 Madrid| Spain,madrid,28012,Plaza de la Provincia| 1,Spain
40.41466,-3.70605,04/26/10 13:57:25,web,Plaza de la Provincia| 1| 28012 Madrid| Spain,madrid,28012,Plaza de la Provincia| 1,Spain
40.32512,-3.87772,04/26/10 14:01:26,web,Av de los Deportes| 3| 28935 Móstoles| Spain,móstoles,28935,Av de los Deportes| 3,Spain
40.33734,-3.87832,04/27/10 13:44:25,web,Autovía de Extremadura| 28935 Móstoles| Spain,móstoles,28935,Autovía de Extremadura,España
40.63448,-3.19104,04/28/10 06:42:26,web,Calle de Francisco Aritio| 19004 Guadalajara| Spain,guadalajara,19004,Calle de Francisco Aritio,España
40.32556,-3.8827,04/28/10 10:48:20,web,Calle del Pintor Velázquez| 51| 28935 Móstoles| Spain,móstoles,28935,Calle del Pintor Velázquez| 51,España
40.32512,-3.87772,04/29/10 11:16:01,web,Av de los Deportes| 3| 28935 Móstoles| Spain,móstoles,28935,Av de los Deportes| 3,España
40.32903,-3.86661,04/29/10 11:16:37,web,Calle del Pintor Miró| 16| 28933 Móstoles| Spain,móstoles,28933,Calle del Pintor Miró| 16,España
40.41362,-3.71367,04/29/10 12:53:24,web,Calle de Bailén| 23-27| 28005 Madrid| Spain,madrid,28005,Calle de Bailén| 23-27,España
40.41962,-3.6889,04/29/10 12:47:11,web,Plaza de la Independencia| 8| 28014 Madrid| Spain,madrid,28014,Plaza de la Independencia| 8,España
40.32903,-3.86667,04/29/10 12:58:48,web,Calle del Pintor El Greco| 3| 28933 Móstoles| Spain,móstoles,28933,Calle del Pintor El Greco| 3,España
40.32903,-3.86667,04/29/10 13:01:05,web,Calle del Pintor El Greco| 3| 28933 Móstoles| Spain,móstoles,28933,Calle del Pintor El Greco| 3,España
-26.54122,-59.33842,04/29/10 13:05:51,web,Libertad| Paraguay,,,,Paraguay
40.41962,-3.6889,04/29/10 23:10:08,web,Plaza de la Independencia| 8| 28014 Madrid| Spain,madrid,28014,Plaza de la Independencia| 8,España
40.42653,-3.7069,05/01/10 01:29:36,iphone,Calle de San Bernardo| 59-63| 28015 Madrid| Spain,madrid,28015,Calle de San Bernardo| 59-63,España
40.42681,-3.70775,05/01/10 01:30:09,iphone,Calle de San Dimas| 1-9| 28015 Madrid| Spain,madrid,28015,Calle de San Dimas| 1-9,España
42.88502,-8.53432,05/03/10 16:03:59,web,Rúa do Home Santo| 26-68| 15703 Santiago de Compostela| Spain,santiago de compostela,15703,Rúa do Home Santo| 26-68,España
40.31584,-3.87139,05/04/10 19:56:30,web,Paseo de Arroyomolinos| 6| 28938 Móstoles| Spain,móstoles,28938,Paseo de Arroyomolinos| 6,España
40.45185,-3.7854,05/05/10 16:28:17,web,Calle del Arroyo de Pozuelo| 103-115| 28023 Madrid| Spain,madrid,28023,Calle del Arroyo de Pozuelo| 103-115,España
40.38888,-3.63227,05/05/10 16:32:57,web,M-40| 28038 Madrid| Spain,madrid,28038,M-40,España
40.2039,-4.08417,05/05/10 20:43:26,web,Calle de Alcarias| 101-117| 45940 Valmojado| Spain,valmojado,45940,Calle de Alcarias| 101-117,España
37.39974,-5.94456,05/09/10 19:37:30,web,Av del Alcalde Luis Uruñuela| 41020 Seville| Spain,sevilla,41020,Av del Alcalde Luis Uruñuela,España
40.2039,-4.08417,05/11/10 11:38:45,web,Calle de Alcarias| 101-117| 45940 Valmojado| Spain,valmojado,45940,Calle de Alcarias| 101-117,España
37.40374,-5.93996,05/09/10 19:45:47,web,Calle Alcalde Luis Uruñuela| 41020 Seville| Spain,sevilla,41020,Calle Alcalde Luis Uruñuela,España
41.57882,2.54524,05/10/10 08:48:28,web,Carrer del Hort del Bisbe| 1-66| 08350 Arenys de Mar| Spain,arenys de mar,08350,Carrer del Hort del Bisbe| 1-66,Espanya
40.46086,-3.72428,05/10/10 17:20:32,web,Calle de Sinesio Delgado| 28035 Madrid| Spain,madrid,28035,Calle de Sinesio Delgado,España
41.85249,3.11256,05/10/10 21:54:41,web,Avinguda de la Verge de Núria| 17| 17252 Calonge| Spain,calonge,,Sant Daniel,Espanya
37.40374,-5.93996,05/09/10 19:46:06,web,Calle Alcalde Luis Uruñuela| 41020 Seville| Spain,sevilla,41020,Calle Alcalde Luis Uruñuela,España
40.43272,-3.70883,05/09/10 22:22:09,web,Calle de Vallehermoso| 17-29| 28015 Madrid| Spain,madrid,28015,Calle de Vallehermoso| 17-29,España
37.77915,-3.79758,05/11/10 01:42:05,web,Calle del Doctor Severo Ochoa| 5| 23006 Jaen| Spain,jaén,23006,Calle del Doctor Severo Ochoa| 5,España
40.43272,-3.70883,05/11/10 01:42:29,web,Calle de Vallehermoso| 17-29| 28015 Madrid| Spain,madrid,28015,Calle de Vallehermoso| 17-29,España
40.46086,-3.72428,05/11/10 11:38:20,web,Calle de Sinesio Delgado| 28035 Madrid| Spain,madrid,28035,Calle de Sinesio Delgado,España
41.57882,2.54524,05/10/10 17:04:40,web,Carrer del Hort del Bisbe| 1-66| 08350 Arenys de Mar| Spain,arenys de mar,08350,Carrer del Hort del Bisbe| 1-66,Espanya
41.65295,-4.72839,05/11/10 11:39:39,web,Calle de la Cebadería| 1-5| 47001 Valladolid| Spain,valladolid,47001,Calle de la Cebadería| 1-5,España
37.40374,-5.93996,05/10/10 17:19:30,web,Calle Alcalde Luis Uruñuela| 41020 Seville| Spain,sevilla,41020,Calle Alcalde Luis Uruñuela,España
36.76273,-2.61759,05/10/10 17:40:45,web,Plaza de los Labradores| 1A| 04740 Roquetas de Mar| Spain,roquetas de mar,04740,Plaza de los Labradores| 1A,España
40.41147,-3.67111,05/11/10 00:38:31,web,Calle de Jesús Aprendiz| 28009 Madrid| Spain,madrid,28009,Calle de Jesús Aprendiz,España
41.85249,3.11256,05/11/10 22:17:34,web,Avinguda de la Verge de Núria| 17| 17252 Calonge| Spain,calonge,,Sant Daniel,Espanya
40.41669,-3.70035,05/13/10 12:41:45,web,Palacio Real de el Pardo| 28014 Madrid| Spain,,,,España
40.42932,-3.68492,05/13/10 12:42:29,web,Calle de Lagasca| 69| 28001 Madrid| Spain,madrid,28001,Calle de Lagasca| 69,España
40.46367,-3.74922,05/15/10 01:20:18,web,Cueva de la Araña (Abrigo II) - La Araña Caves (Cave II).| 33534 Piloña| Spain,,,,España
40.43766,-3.71431,05/15/10 13:28:35,iphone,Calle de Joaquín María López| 41| 28015 Madrid| Spain,madrid,28015,Calle de Joaquín María López| 41,España
40.42928,-3.70494,05/16/10 16:37:05,iphone,Calle de Monteleón| 15-21| 28004 Madrid| Spain,madrid,28004,Calle de Monteleón| 15-21,España
40.42766,-3.70986,05/15/10 18:26:31,iphone,Calle del Limón| 30-34| 28015 Madrid| Spain,madrid,28015,Calle del Limón| 30-34,España
40.42307,-3.71243,05/16/10 00:58:38,iphone,Plaza de España SN| 28013 Madrid,,,,
40.42293,-3.71231,05/16/10 13:56:32,iphone,Plaza de España SN| 28013 Madrid,,,,
19.43606,-99.12058,05/15/10 20:07:18,web,Heroes de Nacozari 42-44| Penitenciaria| Mexico City| D.f.| Mexico,,,,México
39.85232,3.12203,05/16/10 09:15:59,web,Calle de San Vicente| 07400 Alcúdia| Spain,alcúdia,07400,Calle de San Vicente,España
40.42335,-3.71242,05/16/10 00:58:29,iphone,Plaza de España| 28013 Madrid| Spain,madrid,28013,Plaza de España,España
40.42293,-3.71231,05/16/10 13:56:42,iphone,Plaza de España SN| 28013 Madrid,,,,
40.42928,-3.70494,05/17/10 11:52:50,web,Calle de Monteleón| 15-21| 28004 Madrid| Spain,madrid,28004,Calle de Monteleón| 15-21,España
37.40374,-5.93996,05/18/10 13:50:03,web,Calle Alcalde Luis Uruñuela| 41020 Seville| Spain,sevilla,41020,Calle Alcalde Luis Uruñuela,España
40.40584,-3.75254,05/17/10 14:56:32,web,Calle de Villasandino| 34| 28011 Madrid| Spain,madrid,28011,Calle de Villasandino| 34,España
40.40684,-3.75304,05/17/10 14:56:56,web,Calle de Villamanín| 35-37| 28011 Madrid| Spain,madrid,28011,Calle de Villamanín| 35-37,España
40.4277,-3.71351,05/17/10 16:00:42,iphone,Calle de los Mártires de Alcalá| 4| 28015 Madrid| Spain,madrid,28015,Calle de los Mártires de Alcalá| 4,España
40.40584,-3.75254,05/19/10 11:34:41,web,Calle de Villasandino| 34| 28011 Madrid| Spain,madrid,28011,Calle de Villasandino| 34,España
40.43272,-3.70883,05/19/10 12:13:28,web,Calle de Vallehermoso| 17-29| 28015 Madrid| Spain,madrid,28015,Calle de Vallehermoso| 17-29,España
42.13205,-0.40493,05/19/10 13:39:08,web,Calle del Casado del Alisal| 26-30| 22005 Huesca| Spain,huesca,22005,Calle del Casado del Alisal| 26-30,España
40.41669,-3.70035,05/20/10 15:13:39,web,Palacio Real de el Pardo| 28014 Madrid| Spain,,,,España
40.38888,-3.63227,05/20/10 15:14:01,web,E-90| 28038 Madrid| Spain,madrid,28038,E-90,España
40.63448,-3.19104,05/20/10 15:17:43,web,Calle de Francisco Aritio| 19004 Guadalajara| Spain,guadalajara,19004,Calle de Francisco Aritio,España
42.87064,-8.55785,05/24/10 13:13:14,web,Rúa de Santa Marta de Arriba| 10| 15706 Santiago de Compostela| Spain,santiago de compostela,15706,Rúa de Santa Marta de Arriba| 10,España
40.64328,-3.15987,05/20/10 15:26:03,web,Calle del Río Manadero| 1| 19005 Guadalajara| Spain,guadalajara,19005,Calle del Río Manadero| 1,España
40.67865,-3.97115,05/20/10 23:04:02,web,Av de la Salud| 2| 28411 Moralzarzal| Spain,moralzarzal,28411,Av de la Salud| 2,España
40.42234,-3.69957,05/25/10 11:07:05,web,Calle de Hortaleza| 44-60| 28004 Madrid| Spain,madrid,28004,Calle de Hortaleza| 44-60,España
42.89901,-8.46177,05/24/10 13:12:06,web,Av de San Marcos| 15891 Santiago de Compostela| Spain,santiago de compostela,15891,Av de San Marcos,España
40.41978,-3.69486,05/25/10 11:06:14,web,Bank of Spain| 28004 Madrid,,,,
40.42151,-3.70606,05/27/10 00:35:03,web,Calle de Silva| 12-22| 28004 Madrid| Spain,madrid,28004,Calle de Silva| 12-22,España
40.41669,-3.70035,05/28/10 14:19:22,web,Palacio Real de el Pardo| 28014 Madrid| Spain,,,,España
40.40684,-3.75304,05/30/10 18:06:33,web,Calle de Villamanín| 35-37| 28011 Madrid| Spain,madrid,28011,Calle de Villamanín| 35-37,España
40.38948,-3.713,05/28/10 23:01:33,web,Paseo de Santa María de la Cabeza| 28019 Madrid| Spain,madrid,28019,Paseo de Santa María de la Cabeza,España
40.38948,-3.713,05/29/10 00:51:27,web,A-42| 28019 Madrid| Spain,madrid,28019,A-42,España
40.38948,-3.713,05/31/10 00:32:30,web,A-42| 28019 Madrid| Spain,madrid,28019,A-42,España
40.29092,-3.74102,06/01/10 01:02:15,web,Av de la Libertad| 28905 Getafe| Spain,getafe,28905,Av de la Libertad,España
40.40584,-3.75254,05/30/10 00:14:09,web,Calle de Villasandino| 34| 28011 Madrid| Spain,madrid,28011,Calle de Villasandino| 34,España
40.47754,-3.68604,06/03/10 22:14:18,web,Paseo de la Castellana| 28046 Madrid| Spain,madrid,28046,Paseo de la Castellana,España
40.43272,-3.70883,06/04/10 04:51:07,web,Calle de Vallehermoso| 17-29| 28015 Madrid| Spain,madrid,28015,Calle de Vallehermoso| 17-29,España
42.9622,-6.37997,06/06/10 00:10:10,web,CL-631| 24100 Villablino| Spain,villablino,24100,CL-631,España
40.31141,-3.8904,06/04/10 04:52:17,web,Av de Portugal| 28935 Móstoles| Spain,móstoles,28935,Av de Portugal,España
40.42766,-3.70986,06/05/10 00:24:40,web,Calle del Limón| 30-34| 28015 Madrid| Spain,madrid,28015,Calle del Limón| 30-34,España
42.13205,-0.40493,06/06/10 22:21:48,web,Calle del Casado del Alisal| 26-30| 22005 Huesca| Spain,huesca,22005,Calle del Casado del Alisal| 26-30,España
41.57882,2.54524,06/06/10 22:22:07,web,Carrer del Hort del Bisbe| 1-66| 08350 Arenys de Mar| Spain,arenys de mar,08350,Carrer del Hort del Bisbe| 1-66,Espanya
40.43272,-3.70883,06/07/10 00:17:51,web,Calle de Vallehermoso| 17-29| 28015 Madrid| Spain,madrid,28015,Calle de Vallehermoso| 17-29,España
40.42234,-3.69957,06/07/10 00:22:14,web,Calle de Hortaleza| 44-60| 28004 Madrid| Spain,madrid,28004,Calle de Hortaleza| 44-60,España
40.35397,-3.80417,06/07/10 00:25:59,web,Calle de los Lirios| 15A| 28925 Alcorcón| Spain,alcorcón,28925,Calle de los Lirios| 15A,España
40.35397,-3.80417,06/10/10 00:06:33,web,Calle de los Lirios| 15A| 28925 Alcorcón| Spain,alcorcón,28925,Calle de los Lirios| 15A,España
40.42928,-3.70494,06/10/10 10:17:00,web,Calle de Monteleón| 15-21| 28004 Madrid| Spain,madrid,28004,Calle de Monteleón| 15-21,España
40.29092,-3.74102,06/10/10 18:49:48,web,Av de la Libertad| 28905 Getafe| Spain,getafe,28905,Av de la Libertad,España
40.35397,-3.80417,06/10/10 18:54:12,web,Calle de los Lirios| 15A| 28925 Alcorcón| Spain,alcorcón,28925,Calle de los Lirios| 15A,España
40.42234,-3.69957,06/10/10 19:10:30,web,Calle de Hortaleza| 44-60| 28004 Madrid| Spain,madrid,28004,Calle de Hortaleza| 44-60,España
40.81596,-5.05614,06/10/10 00:06:42,web,Carretera de Herreros de Suso| 05146 Herreros de Suso| Spain,herreros de suso,05146,Carretera de Herreros de Suso,España
40.64328,-3.15987,06/10/10 17:22:50,web,Calle del Río Manadero| 1| 19005 Guadalajara| Spain,guadalajara,19005,Calle del Río Manadero| 1,España
42.87064,-8.55785,06/10/10 17:26:26,web,Rúa de Santa Marta de Arriba| 10| 15706 Santiago de Compostela| Spain,santiago de compostela,15706,Rúa de Santa Marta de Arriba| 10,España
42.89901,-8.46177,06/10/10 19:09:48,web,N-634a| 15891 Santiago de Compostela| Spain,santiago de compostela,15891,N-634a,España
40.42234,-3.69957,06/10/10 19:11:02,web,Calle de Hortaleza| 44-60| 28004 Madrid| Spain,madrid,28004,Calle de Hortaleza| 44-60,España
42.89901,-8.46177,06/10/10 19:13:14,web,N-634a| 15891 Santiago de Compostela| Spain,santiago de compostela,15891,N-634a,España
42.59903,-5.56655,06/11/10 10:53:44,web,Calle de la Puerta Obispo| 24003 Leon| Spain,león,24003,Calle de la Puerta Obispo,España
42.59903,-5.56655,06/10/10 00:07:23,web,Calle de la Puerta Obispo| 24003 Leon| Spain,león,24003,Calle de la Puerta Obispo,España
42.9622,-6.37997,06/10/10 10:17:36,web,CL-631| 24100 Villablino| Spain,villablino,24100,CL-631,España
42.87064,-8.55785,06/10/10 17:20:28,web,Rúa de Santa Marta de Arriba| 10| 15706 Santiago de Compostela| Spain,santiago de compostela,15706,Rúa de Santa Marta de Arriba| 10,España
42.87064,-8.55785,06/10/10 17:26:38,web,Rúa de Santa Marta de Arriba| 10| 15706 Santiago de Compostela| Spain,santiago de compostela,15706,Rúa de Santa Marta de Arriba| 10,España
42.87064,-8.55785,06/10/10 17:31:42,web,Rúa de Santa Marta de Arriba| 10| 15706 Santiago de Compostela| Spain,santiago de compostela,15706,Rúa de Santa Marta de Arriba| 10,España
40.35397,-3.80417,06/10/10 17:38:47,web,Calle de los Lirios| 15A| 28925 Alcorcón| Spain,alcorcón,28925,Calle de los Lirios| 15A,España
42.59903,-5.56655,06/10/10 18:26:06,web,Calle de la Puerta Obispo| 24003 Leon| Spain,león,24003,Calle de la Puerta Obispo,España
40.38948,-3.713,06/10/10 18:34:20,web,Paseo de Santa María de la Cabeza| 28019 Madrid| Spain,madrid,28019,Paseo de Santa María de la Cabeza,España
42.89901,-8.46177,06/10/10 18:41:36,web,N-634a| 15891 Santiago de Compostela| Spain,santiago de compostela,15891,N-634a,España
40.42234,-3.69957,06/10/10 18:42:34,web,Calle de Hortaleza| 44-60| 28004 Madrid| Spain,madrid,28004,Calle de Hortaleza| 44-60,España
42.89901,-8.46177,06/10/10 19:12:46,web,N-634a| 15891 Santiago de Compostela| Spain,santiago de compostela,15891,N-634a,España
42.59903,-5.56655,06/10/10 00:08:47,web,Calle de la Puerta Obispo| 24003 Leon| Spain,león,24003,Calle de la Puerta Obispo,España
40.38948,-3.713,06/10/10 18:41:03,web,A-42| 28019 Madrid| Spain,madrid,28019,A-42,España
40.26884,-3.92029,06/10/10 18:42:57,web,Calle de Griñón| 1| 28939 Arroyomolinos| Spain,arroyomolinos,28939,Calle de Griñón| 1,España
42.59903,-5.56655,06/10/10 18:52:12,web,Calle de la Puerta Obispo| 24003 Leon| Spain,león,24003,Calle de la Puerta Obispo,España
42.89901,-8.46177,06/10/10 19:07:57,web,N-634a| 15891 Santiago de Compostela| Spain,santiago de compostela,15891,N-634a,España
40.38948,-3.713,06/10/10 19:12:19,web,Paseo de Santa María de la Cabeza| 28019 Madrid| Spain,madrid,28019,Paseo de Santa María de la Cabeza,España
42.59903,-5.56655,06/10/10 19:16:01,web,Calle de la Puerta Obispo| 24003 Leon| Spain,león,24003,Calle de la Puerta Obispo,España
40.09279,0.14399,06/11/10 13:58:21,web,Av de Valencia| 22| 12594 Oropesa del Mar| Spain,oropesa del mar,12594,Av de Valencia| 22,España
40.41328,-3.71285,06/11/10 16:52:03,web,Cuesta de los Caños Viejos| 6| 28005 Madrid| Spain,madrid,28005,Cuesta de los Caños Viejos| 6,España
40.09279,0.14399,06/10/10 11:00:15,,Av de Valencia| 22| 12594 Oropesa del Mar| Spain,oropesa del mar,12594,Av de Valencia| 22,España
42.89901,-8.46177,06/10/10 18:05:23,web,N-634a| 15891 Santiago de Compostela| Spain,santiago de compostela,15891,N-634a,España
40.42234,-3.69957,06/10/10 18:11:08,web,Calle de Hortaleza| 44-60| 28004 Madrid| Spain,madrid,28004,Calle de Hortaleza| 44-60,España
42.59903,-5.56655,06/10/10 18:27:13,web,Calle de la Puerta Obispo| 24003 Leon| Spain,león,24003,Calle de la Puerta Obispo,España
40.42234,-3.69957,06/11/10 10:54:04,web,Calle de Hortaleza| 44-60| 28004 Madrid| Spain,madrid,28004,Calle de Hortaleza| 44-60,España
42.89901,-8.46177,06/11/10 10:59:21,web,N-634a| 15891 Santiago de Compostela| Spain,santiago de compostela,15891,N-634a,España
40.09279,0.14399,06/11/10 13:57:25,web,Av de Valencia| 22| 12594 Oropesa del Mar| Spain,oropesa del mar,12594,Av de Valencia| 22,España
40.41328,-3.71285,06/15/10 17:37:31,web,Cuesta de los Caños Viejos| 6| 28005 Madrid| Spain,madrid,28005,Cuesta de los Caños Viejos| 6,España
42.89901,-8.46177,06/10/10 17:24:04,web,N-634a| 15891 Santiago de Compostela| Spain,santiago de compostela,15891,N-634a,España
40.42234,-3.69957,06/10/10 18:00:00,web,Calle de Hortaleza| 44-60| 28004 Madrid| Spain,madrid,28004,Calle de Hortaleza| 44-60,España
40.42234,-3.69957,06/10/10 18:12:21,web,Calle de Hortaleza| 44-60| 28004 Madrid| Spain,madrid,28004,Calle de Hortaleza| 44-60,España
42.59903,-5.56655,06/10/10 18:27:43,web,Calle de la Puerta Obispo| 24003 Leon| Spain,león,24003,Calle de la Puerta Obispo,España
40.29092,-3.74102,06/10/10 18:37:22,web,Av de la Libertad| 28905 Getafe| Spain,getafe,28905,Av de la Libertad,España
40.38948,-3.713,06/10/10 18:46:22,web,Paseo de Santa María de la Cabeza| 28019 Madrid| Spain,madrid,28019,Paseo de Santa María de la Cabeza,España
40.29092,-3.74102,06/10/10 18:48:42,web,Av de la Libertad| 28905 Getafe| Spain,getafe,28905,Av de la Libertad,España
40.09279,0.14399,06/10/10 19:08:57,web,Av de Valencia| 22| 12594 Oropesa del Mar| Spain,oropesa del mar,12594,Av de Valencia| 22,España
40.16174,-3.66339,06/11/10 16:51:26,web,A-4| 28341 Valdemoro| Spain,valdemoro,28341,A-4,España
42.89901,-8.46177,06/10/10 17:24:49,web,N-634a| 15891 Santiago de Compostela| Spain,santiago de compostela,15891,N-634a,España
42.87064,-8.55785,06/10/10 17:27:24,web,Rúa de Santa Marta de Arriba| 10| 15706 Santiago de Compostela| Spain,santiago de compostela,15706,Rúa de Santa Marta de Arriba| 10,España
40.38948,-3.713,06/10/10 17:52:18,web,Paseo de Santa María de la Cabeza| 28019 Madrid| Spain,madrid,28019,Paseo de Santa María de la Cabeza,España
40.38948,-3.713,06/10/10 17:56:45,web,Paseo de Santa María de la Cabeza| 28019 Madrid| Spain,madrid,28019,Paseo de Santa María de la Cabeza,España
40.42234,-3.69957,06/10/10 19:11:21,web,Calle de Hortaleza| 44-60| 28004 Madrid| Spain,madrid,28004,Calle de Hortaleza| 44-60,España
40.42234,-3.69957,06/10/10 17:31:55,web,Calle de Hortaleza| 44-60| 28004 Madrid| Spain,madrid,28004,Calle de Hortaleza| 44-60,España
40.29092,-3.74102,06/10/10 18:31:02,web,Av de la Libertad| 28905 Getafe| Spain,getafe,28905,Av de la Libertad,España
42.89901,-8.46177,06/10/10 18:39:04,web,N-634a| 15891 Santiago de Compostela| Spain,santiago de compostela,15891,N-634a,España
40.42151,-3.70606,06/10/10 18:44:54,web,Calle de Silva| 12-22| 28004 Madrid| Spain,madrid,28004,Calle de Silva| 12-22,España
42.59903,-5.56655,06/10/10 18:53:17,web,Calle de la Puerta Obispo| 24003 Leon| Spain,león,24003,Calle de la Puerta Obispo,España
42.59903,-5.56655,06/10/10 18:55:51,web,Calle de la Puerta Obispo| 24003 Leon| Spain,león,24003,Calle de la Puerta Obispo,España
40.09279,0.14399,06/10/10 19:14:33,web,Av de Valencia| 22| 12594 Oropesa del Mar| Spain,oropesa del mar,12594,Av de Valencia| 22,España
42.59903,-5.56655,06/11/10 10:59:36,web,Calle de la Puerta Obispo| 24003 Leon| Spain,león,24003,Calle de la Puerta Obispo,España
40.16174,-3.66339,06/11/10 16:50:13,web,E-5| 28341 Valdemoro| Spain,valdemoro,28341,E-5,España
40.09279,0.14399,06/17/10 08:51:42,web,Av de Valencia| 22| 12594 Oropesa del Mar| Spain,oropesa del mar,12594,Av de Valencia| 22,España
-26.54122,-59.33842,06/18/10 16:14:04,web,Libertad| Paraguay,,,,Paraguay
40.45985,-3.70419,06/17/10 11:25:44,web,Calle de Serrallo| 32| 28039 Madrid| Spain,madrid,28039,Calle de Serrallo| 32,España
-25.28948,-57.65589,06/18/10 16:12:12,web,Avda. Carlos A. López| Asunción| Paraguay,,,,Paraguay
36.83974,-2.46102,06/19/10 11:23:57,web,Calle Navarro Rodrigo| 18-28| 04001 Almería| Spain,almería,04001,Calle Navarro Rodrigo| 18-28,España
40.29092,-3.74102,06/19/10 11:24:15,web,Av de la Libertad| 28905 Getafe| Spain,getafe,28905,Av de la Libertad,España
40.40698,-3.8994,06/20/10 16:11:27,web,Calle de Miguel de Unamuno| 9| 28660 Boadilla del Monte| Spain,boadilla del monte,28660,Calle de Miguel de Unamuno| 9,España
43.1056,-5.8174,06/24/10 08:32:35,web,Carretera de la Ruta de la Plata| 6| 33620 Lena| Spain,lena,,Campomanes,España
43.10641,-5.81824,06/24/10 08:33:11,web,Carretera de la Ruta de la Plata| 1-11| 33620 Lena| Spain,lena,,Campomanes,España
40.43272,-3.70883,06/24/10 22:06:24,web,Calle de Vallehermoso| 17-29| 28015 Madrid| Spain,madrid,28015,Calle de Vallehermoso| 17-29,España
41.00418,-5.66949,06/24/10 08:33:25,web,Carretera de la Ruta de la Plata| 27-32| 37184 Villares de la Reina| Spain,villares de la reina,,Transformador,España
41.57882,2.54524,06/25/10 11:17:09,web,Carrer del Hort del Bisbe| 1-66| 08350 Arenys de Mar| Spain,arenys de mar,08350,Carrer del Hort del Bisbe| 1-66,Espanya
40.41717,-3.62283,06/27/10 15:48:06,web,Calle de los Hermanos García Noblejas| 147| 28032 Madrid| Spain,madrid,28032,Calle de los Hermanos García Noblejas| 147,España
40.43272,-3.70883,06/27/10 22:35:53,web,Calle de Vallehermoso| 17-29| 28015 Madrid| Spain,madrid,28015,Calle de Vallehermoso| 17-29,España
40.41717,-3.62283,06/25/10 20:51:33,web,Calle de los Hermanos García Noblejas| 147| 28032 Madrid| Spain,madrid,28032,Calle de los Hermanos García Noblejas| 147,España
40.38389,-3.78445,06/25/10 22:50:10,web,Paseo de Extremadura| 28024 Madrid| Spain,madrid,28024,Paseo de Extremadura,España
40.41717,-3.62283,06/25/10 20:52:30,web,Calle de los Hermanos García Noblejas| 147| 28032 Madrid| Spain,madrid,28032,Calle de los Hermanos García Noblejas| 147,España
40.42681,-3.61145,06/25/10 20:53:34,web,Calle de Pobladura del Valle| 28037 Madrid| Spain,madrid,28037,Calle de Pobladura del Valle,España
20.56369,-103.3659,06/28/10 20:26:22,web,Adolf B. Horn Jr.| Tlaquepaque| Jalisco| Mexico,,,,México
37.40374,-5.93996,06/29/10 01:23:21,web,Calle Alcalde Luis Uruñuela| 41020 Seville| Spain,sevilla,41020,Calle Alcalde Luis Uruñuela,España
40.42888,-3.70185,07/01/10 03:33:41,web,Calle de Sagasta| 2| 28004 Madrid| Spain,madrid,28004,Calle de Sagasta| 2,España
43.22043,-2.69839,07/01/10 12:20:49,web,Amorebieta-Etxano| Spain,amorebieta,,,España
37.63629,-0.9659,07/01/10 12:23:07,web,Camino Rural XIV Sifón| 30310 Cartagena| Spain,cartagena,30310,Camino Rural XIV Sifón,España
37.77915,-3.79758,07/01/10 14:00:11,web,Calle del Doctor Severo Ochoa| 5| 23006 Jaen| Spain,jaén,23006,Calle del Doctor Severo Ochoa| 5,España
40.47903,-3.75086,07/01/10 17:28:54,web,Autopista M-40| 28035 Madrid| Spain,madrid,28035,Autopista M-40,España
37.63629,-0.9659,07/02/10 00:10:04,web,Camino Rural XIV Sifón| 30310 Cartagena| Spain,cartagena,30310,Camino Rural XIV Sifón,España
40.41717,-3.62283,07/02/10 11:21:09,web,Calle de los Hermanos García Noblejas| 147| 28032 Madrid| Spain,madrid,28032,Calle de los Hermanos García Noblejas| 147,España
38.8788,-6.96681,07/01/10 06:30:31,web,Calle de los Afligidos| 37| 06002 Badajoz| Spain,badajoz,06002,Calle de los Afligidos| 37,España
42.26298,-3.69924,07/01/10 07:31:09,web,Autovía del Norte| 09620 Saldaña de Burgos| Spain,saldaña de burgos,09620,Autovía del Norte,España
37.63629,-0.9659,07/01/10 08:19:31,web,Camino Rural XIV Sifón| 30310 Cartagena| Spain,cartagena,30310,Camino Rural XIV Sifón,España
42.13205,-0.40493,07/01/10 12:18:55,web,Calle del Casado del Alisal| 26-30| 22005 Huesca| Spain,huesca,22005,Calle del Casado del Alisal| 26-30,España
41.57882,2.54524,07/01/10 12:19:34,web,Carrer del Hort del Bisbe| 1-66| 08350 Arenys de Mar| Spain,arenys de mar,08350,Carrer del Hort del Bisbe| 1-66,Espanya
37.40374,-5.93996,07/01/10 13:10:27,web,Calle Alcalde Luis Uruñuela| 41020 Seville| Spain,sevilla,41020,Calle Alcalde Luis Uruñuela,España
40.36988,-3.71561,07/01/10 21:08:08,web,Calle de Guetaria| 78| 28041 Madrid| Spain,madrid,28041,Calle de Guetaria| 78,España
40.44848,-3.66662,07/03/10 09:47:48,web,Calle de San Nazario| 7| 28002 Madrid| Spain,madrid,28002,Calle de San Nazario| 7,España
42.41075,1.12691,07/08/10 14:29:28,web,Calle de Joaquim Sostres| 25560 Sort| Spain,sort,25560,Calle de Joaquim Sostres,España
42.26298,-3.69924,07/01/10 06:43:17,web,E-5| 09620 Saldaña de Burgos| Spain,saldaña de burgos,09620,E-5,España
40.45985,-3.70419,07/01/10 08:17:20,web,Calle de Serrallo| 32| 28039 Madrid| Spain,madrid,28039,Calle de Serrallo| 32,España
38.8788,-6.96681,07/01/10 09:11:50,web,Calle de los Afligidos| 37| 06002 Badajoz| Spain,badajoz,06002,Calle de los Afligidos| 37,España
37.91332,-3.12165,07/01/10 09:54:04,web,Plaza del Ayuntamiento| 23460 Peal de Becerro| Spain,peal de becerro,23460,Plaza del Ayuntamiento,España
40.47607,-3.63894,07/01/10 09:54:50,web,Calle de Gregorio Sánchez Herráez| 28033 Madrid| Spain,madrid,28033,Calle de Gregorio Sánchez Herráez,España
40.47999,-3.58618,07/01/10 13:04:22,web,M-13| 28042 Madrid| Spain,madrid,28042,M-13,España
40.47999,-3.58618,07/01/10 14:28:02,web,M-13| 28042 Madrid| Spain,madrid,28042,M-13,España
41.38862,2.16954,07/01/10 17:27:16,web,Passeig de Gràcia| 6| 08007 Barcelona| Spain,barcelona,08007,Passeig de Gràcia| 6,Espanya
40.04063,0.03978,07/01/10 22:49:33,web,Polígono 7| 256| 12560 Benicasim| Spain,benicasim,12560,Polígono 7| 256,España
40.44848,-3.66662,07/04/10 00:05:41,web,Calle de San Nazario| 7| 28002 Madrid| Spain,madrid,28002,Calle de San Nazario| 7,España
42.33406,-3.62154,07/05/10 23:41:00,web,Autovía de Enlace con la Nacional I| 09193 Cardeñajimeno| Spain,cardeñajimeno,09193,Autovía de Enlace con la Nacional I,España
40.45985,-3.70419,07/01/10 07:29:49,web,Calle de Serrallo| 32| 28039 Madrid| Spain,madrid,28039,Calle de Serrallo| 32,España
42.49824,-8.74563,07/01/10 10:34:58,web,AG-41| 36637 Meis| Spain,meis,36637,AG-41,España
42.33408,-3.6214,07/01/10 12:19:47,web,Autovía de Enlace con la Nacional I| 09193 Cardeñajimeno| Spain,cardeñajimeno,09193,Autovía de Enlace con la Nacional I,España
40.47903,-3.75086,07/01/10 12:19:53,web,Autopista M-40| 28035 Madrid| Spain,madrid,28035,Autopista M-40,España
42.42678,-8.65186,07/01/10 12:34:55,web,Av de Manuel del Palacio| 36995 Poio| Spain,poio,36995,Av de Manuel del Palacio,España
42.42678,-8.65186,07/01/10 12:37:10,web,Av de Manuel del Palacio| 36995 Poio| Spain,poio,36995,Av de Manuel del Palacio,España
38.52701,-6.35009,07/01/10 12:49:06,web,Autovía Ruta de la Plata| 06220 Villafranca de los Barros| Spain,villafranca de los barros,06220,Autovía Ruta de la Plata,España
40.42932,-3.68492,07/01/10 19:01:31,web,Calle de Lagasca| 69| 28001 Madrid| Spain,madrid,28001,Calle de Lagasca| 69,España
39.39097,-2.76873,07/01/10 23:18:36,web,CU-V-1001| 16650 Las Mesas| Spain,las mesas,16650,CU-V-1001,España
37.37995,-5.96021,07/02/10 19:30:37,web,Ronda del Tamarguillo| 41013 Seville| Spain,sevilla,41013,Ronda del Tamarguillo,España
40.43272,-3.70883,07/04/10 00:04:41,web,Calle de Vallehermoso| 17-29| 28015 Madrid| Spain,madrid,28015,Calle de Vallehermoso| 17-29,España
40.37807,-3.65295,07/01/10 07:30:28,web,Av de Buenos Aires| 28018 Madrid| Spain,madrid,28018,Av de Buenos Aires,España
42.33408,-3.6214,07/01/10 07:35:13,web,Autovía de Enlace con la Nacional I| 09193 Cardeñajimeno| Spain,cardeñajimeno,09193,Autovía de Enlace con la Nacional I,España
40.09505,0.14514,07/01/10 09:53:06,web,Plaza del Príncipe de Asturias| 20-24| 12594 Oropesa del Mar| Spain,oropesa del mar,12594,Plaza del Príncipe de Asturias| 20-24,España
40.47607,-3.63894,07/01/10 09:54:48,web,Calle de Gregorio Sánchez Herráez| 28033 Madrid| Spain,madrid,28033,Calle de Gregorio Sánchez Herráez,España
40.37505,-3.68943,07/01/10 09:56:06,web,Camino de Perales| 100| 28041 Madrid| Spain,madrid,28041,Camino de Perales| 100,España
42.86506,-2.67641,07/01/10 09:57:35,web,Arriagako Atea| 52-56| 01013 Vitoria| Spain,vitoria-gasteiz,01013,Arriagako Atea| 52-56,Espainia
40.47903,-3.75086,07/01/10 10:18:42,web,Autopista M-40| 28035 Madrid| Spain,madrid,28035,Autopista M-40,España
41.65295,-4.72839,07/01/10 10:39:24,web,Calle de la Cebadería| 1-5| 47001 Valladolid| Spain,valladolid,47001,Calle de la Cebadería| 1-5,España
40.47607,-3.63894,07/01/10 12:03:20,web,Calle de Gregorio Sánchez Herráez| 28033 Madrid| Spain,madrid,28033,Calle de Gregorio Sánchez Herráez,España
36.83974,-2.46102,07/01/10 12:19:19,web,Calle Navarro Rodrigo| 18-28| 04001 Almería| Spain,almería,04001,Calle Navarro Rodrigo| 18-28,España
38.8788,-6.96681,07/01/10 12:29:39,web,Calle de los Afligidos| 37| 06002 Badajoz| Spain,badajoz,06002,Calle de los Afligidos| 37,España
40.42151,-3.70606,07/01/10 12:46:26,web,Calle de Silva| 12-22| 28004 Madrid| Spain,madrid,28004,Calle de Silva| 12-22,España
38.42173,-6.40789,07/01/10 13:10:11,web,Calle del Bodión| 06300 Zafra| Spain,zafra,06300,Calle del Bodión,España
42.49824,-8.74563,07/01/10 20:46:11,web,Autovía de Salnés| 36637 Meis| Spain,meis,36637,Autovía de Salnés,España
37.66732,-5.33117,07/01/10 22:38:26,web,14700 Palma del Río| Spain,palma del río,14700,,España
40.04063,0.03978,07/01/10 22:47:05,web,Polígono 7| 256| 12560 Benicasim| Spain,benicasim,12560,Polígono 7| 256,España
40.47973,-3.58983,07/02/10 09:04:08,web,Autovía M-13| 28042 Madrid| Spain,madrid,28042,M-13,España
37.66732,-5.33117,07/02/10 18:32:02,web,14700 Palma del Río| Spain,palma del río,14700,,España
40.44118,-3.62561,07/04/10 19:21:03,web,Calle de Miguel Yuste| 2| 28027 Madrid| Spain,madrid,28027,Calle de Miguel Yuste| 2,España
40.33325,-3.71305,07/07/10 01:05:33,web,Av Real de Pinto| 150-156| 28021 Madrid| Spain,madrid,28021,Av Real de Pinto| 150-156,España
40.37807,-3.65295,07/01/10 07:30:31,web,Av de Buenos Aires| 28018 Madrid| Spain,madrid,28018,Av de Buenos Aires,España
40.47472,-3.63801,07/01/10 09:53:25,web,Av de Celio Villalba| 14| 28033 Madrid| Spain,madrid,28033,Av de Celio Villalba| 14,España
40.47607,-3.63894,07/01/10 12:19:17,web,Calle de Gregorio Sánchez Herráez| 28033 Madrid| Spain,madrid,28033,Calle de Gregorio Sánchez Herráez,España
40.46845,-3.69777,07/01/10 12:20:15,web,Calle de Morando| 1-13| 28029 Madrid| Spain,madrid,28029,Calle de Morando| 1-13,España
40.47607,-3.63894,07/01/10 12:20:19,web,Calle de Gregorio Sánchez Herráez| 28033 Madrid| Spain,madrid,28033,Calle de Gregorio Sánchez Herráez,España
43.00953,-3.74222,07/01/10 12:23:02,web,Calle del Soto| 1| 09574 Merindad de Valdeporres| Spain,merindad de valdeporres,,Pedrosa de Valdeporres,España
39.85601,-4.02615,07/01/10 16:16:00,web,Calle de Santa Úrsula| 10| 45002 Toledo| Spain,toledo,45002,Calle de Santa Úrsula| 10,España
37.61994,-5.2367,07/01/10 22:30:06,web,Cañada Rosal| Spain,cañada rosal,,,España
37.40374,-5.93996,07/01/10 22:30:36,web,Calle Alcalde Luis Uruñuela| 41020 Seville| Spain,sevilla,41020,Calle Alcalde Luis Uruñuela,España
40.3734,-3.75806,07/05/10 11:07:48,web,Calle de la Condesa de Teba| 2-16| 28044 Madrid| Spain,madrid,28044,Calle de la Condesa de Teba| 2-16,España
40.442,-3.70193,07/06/10 08:52:11,web,Calle de Ríos Rosas| 20| 28003 Madrid| Spain,madrid,28003,Calle de Ríos Rosas| 20,España
20.57401,-103.36382,07/06/10 15:22:58,web,Hidalgo 98| Tlaquepaque| Jalisco| Mexico,,,,México
40.40308,-3.69457,07/07/10 11:15:14,web,Calle de Palos de la Frontera| 29| 28045 Madrid| Spain,madrid,28045,Calle de Palos de la Frontera| 29,España
42.33408,-3.6214,07/01/10 07:36:17,web,Autovía de Enlace con la Nacional I| 09193 Cardeñajimeno| Spain,cardeñajimeno,09193,Autovía de Enlace con la Nacional I,España
40.47472,-3.63801,07/01/10 09:53:27,web,Av de Celio Villalba| 14| 28033 Madrid| Spain,madrid,28033,Av de Celio Villalba| 14,España
37.66732,-5.33117,07/01/10 22:27:29,web,14700 Palma del Río| Spain,palma del río,14700,,España
40.42933,-3.64353,07/01/10 22:51:18,web,Calle de Francisco Villaespesa| 16-20| 28017 Madrid| Spain,madrid,28017,Calle de Francisco Villaespesa| 16-20,España
40.43272,-3.70883,07/01/10 23:09:45,web,Calle de Vallehermoso| 17-29| 28015 Madrid| Spain,madrid,28015,Calle de Vallehermoso| 17-29,España
37.36951,-5.96901,07/02/10 19:32:14,web,Ronda del Tamarguillo| 41013 Seville| Spain,sevilla,41013,Ronda del Tamarguillo,España
41.1308,1.20419,07/01/10 10:14:57,web,Carrer de les Gavarres 3| 1| 43006 Tarragona| Spain,tarragona,43006,Carrer de les Gavarres 3| 1,Espanya
41.38862,2.16954,07/01/10 12:19:14,web,Passeig de Gràcia| 6| 08007 Barcelona| Spain,barcelona,08007,Passeig de Gràcia| 6,Espanya
37.40374,-5.93996,07/01/10 13:09:30,web,Calle Alcalde Luis Uruñuela| 41020 Seville| Spain,sevilla,41020,Calle Alcalde Luis Uruñuela,España
40.47999,-3.58618,07/02/10 09:03:54,web,Autovía M-13| 28042 Madrid| Spain,madrid,28042,M-13,España
40.43272,-3.70883,07/03/10 23:42:42,web,Calle de Vallehermoso| 17-29| 28015 Madrid| Spain,madrid,28015,Calle de Vallehermoso| 17-29,España
39.85601,-4.02615,07/04/10 22:32:29,web,Calle de Santa Úrsula| 10| 45002 Toledo| Spain,toledo,45002,Calle de Santa Úrsula| 10,España
35.68698,-105.9378,07/05/10 04:28:30,web,Cristo Rey Catholic Church| Santa Fe| NM 87501| USA,santa fe,87501,Cristo Rey Catholic Church,USA
40.47754,-3.68604,07/08/10 17:17:42,web,Paseo de la Castellana| 286| 28046 Madrid| Spain,madrid,28046,Paseo de la Castellana| 286,España
40.442,-3.70193,07/07/10 01:04:13,web,Calle de Ríos Rosas| 20| 28003 Madrid| Spain,madrid,28003,Calle de Ríos Rosas| 20,España
41.48231,2.1885,07/08/10 10:18:11,web,Plaça Lluís Companys| 08110 Montcada i Reixac| Spain,montcada,08110,Plaça Lluís Companys,Espanya
42.41066,1.12691,07/08/10 14:28:48,web,Calle de Joaquim Sostres| 25560 Sort| Spain,sort,25560,Calle de Joaquim Sostres,España
40.44848,-3.66662,07/09/10 00:12:36,web,Calle de San Nazario| 7| 28002 Madrid| Spain,madrid,28002,Calle de San Nazario| 7,España
39.85601,-4.02615,07/09/10 00:13:56,web,Calle de Santa Úrsula| 10| 45002 Toledo| Spain,toledo,45002,Calle de Santa Úrsula| 10,España
40.31141,-3.8904,07/09/10 00:14:16,web,Av de Portugal| 28935 Móstoles| Spain,móstoles,28935,Av de Portugal,España
40.32277,-3.86574,07/09/10 09:02:28,web,Calle de Malasaña| 1| 28934 Móstoles| Spain,móstoles,28934,Calle de Malasaña| 1,España
40.32903,-3.86661,07/09/10 09:02:39,web,Calle del Pintor Miró| 16| 28933 Móstoles| Spain,móstoles,28933,Calle del Pintor Miró| 16,España
40.41717,-3.62283,07/10/10 21:40:15,web,Calle de los Hermanos García Noblejas| 147| 28032 Madrid| Spain,madrid,28032,Calle de los Hermanos García Noblejas| 147,España
40.41781,-3.62054,07/10/10 21:42:14,web,Calle de Aquitania| 7-9| 28032 Madrid| Spain,madrid,28032,Calle de Aquitania| 7-9,España
40.41693,-3.69338,07/10/10 21:44:34,web,Paseo del Prado| 4| 28014 Madrid| Spain,madrid,28014,Paseo del Prado| 4,España
40.41673,-3.62508,07/10/10 21:46:12,web,Calle de la Fuente Carrantona| 28032 Madrid| Spain,madrid,28032,Calle de la Fuente Carrantona,España
40.40709,-3.67491,07/10/10 21:49:31,web,Av del Mediterráneo| 20| 28007 Madrid| Spain,madrid,28007,Av del Mediterráneo| 20,España
40.41502,-3.6274,07/10/10 21:47:21,web,Calle de la Fuente Carrantona| 28017 Madrid| Spain,madrid,28017,Calle de la Fuente Carrantona,España
40.41669,-3.70035,07/13/10 03:06:05,web,Palacio Real de el Pardo| 28014 Madrid| Spain,,,,España
40.4171,-3.62389,07/10/10 21:54:11,web,Plaza de Alsacia| 28032 Madrid| Spain,madrid,28032,Plaza de Alsacia,España
38.69049,-6.40895,07/13/10 00:00:11,web,Calle de la Mecánica| 06200 Almendralejo| Spain,almendralejo,06200,Calle de la Mecánica,España
40.41669,-3.70035,07/13/10 02:52:04,web,Palacio Real de el Pardo| 28014 Madrid| Spain,,,,España
41.00418,-5.66949,07/13/10 03:04:25,web,Carretera de la Ruta de la Plata| 27-32| 37184 Villares de la Reina| Spain,villares de la reina,,Transformador,España
40.40709,-3.67491,07/13/10 08:48:55,web,Av del Mediterráneo| 20| 28007 Madrid| Spain,madrid,28007,Av del Mediterráneo| 20,España
40.41962,-3.6889,07/13/10 09:59:47,web,Plaza de la Independencia| 8| 28014 Madrid| Spain,madrid,28014,Puerta de Alcalá| 8,España
40.38851,-3.69512,07/13/10 20:32:33,web,Calle del Maestro Arbós| 23| 28045 Madrid| Spain,madrid,28045,Calle del Maestro Arbós| 23,España
40.41717,-3.62283,07/14/10 09:01:52,web,Calle de los Hermanos García Noblejas| 147| 28032 Madrid| Spain,madrid,28032,Calle de los Hermanos García Noblejas| 147,España
40.46101,-3.78417,07/18/10 00:13:00,web,Calle de Ana Teresa| 25-39| 28023 Madrid| Spain,madrid,28023,Calle de Ana Teresa| 25-39,España
40.03283,-6.08943,07/19/10 14:58:20,web,Calle de la Ronda del Salvador| 55| 10600 Plasencia| Spain,plasencia,10600,Calle de la Ronda del Salvador| 55,España
40.41781,-3.62054,07/14/10 09:02:55,web,Calle de Aquitania| 7-9| 28032 Madrid| Spain,madrid,28032,Calle de Aquitania| 7-9,España
40.41502,-3.6274,07/14/10 09:03:01,web,Calle de la Fuente Carrantona| 28017 Madrid| Spain,madrid,28017,Calle de la Fuente Carrantona,España
40.41502,-3.6274,07/15/10 08:43:12,web,Calle de la Fuente Carrantona| 28017 Madrid| Spain,madrid,28017,Calle de la Fuente Carrantona,España
40.40893,-3.69174,07/17/10 22:48:44,web,Paseo de la Infanta Isabel| 1| 28014 Madrid| Spain,madrid,28014,Paseo de la Infanta Isabel| 1,España
40.4171,-3.62389,07/14/10 09:02:57,web,Plaza de Alsacia| 28032 Madrid| Spain,madrid,28032,Plaza de Alsacia,España
40.38106,-3.7571,07/16/10 08:38:13,web,Av de los Poblados| 28044 Madrid| Spain,madrid,28044,Av de los Poblados,España
40.46309,-3.62368,07/18/10 00:16:35,web,Glorieta de Praga| 28042 Madrid| Spain,madrid,28042,Glorieta de Praga,España
40.46367,-3.74922,07/16/10 08:37:59,web,Calle 30| 28035 Madrid| Spain,madrid,28035,M-30,España
40.12174,-3.85135,07/19/10 08:46:22,web,Ronda del Salvador| 6| 45200 Illescas| Spain,illescas,45200,Ronda del Salvador| 6,España
40.41669,-3.70035,07/18/10 00:09:27,web,Palacio Real de el Pardo| 28014 Madrid| Spain,,,,España
40.46129,-3.78403,07/18/10 00:14:33,web,Calle de Pléyades| 23| 28023 Madrid| Spain,madrid,28023,Calle de Pléyades| 23,España
40.03283,-6.08943,07/18/10 21:04:28,web,Calle de la Ronda del Salvador| 55| 10600 Plasencia| Spain,plasencia,10600,Calle de la Ronda del Salvador| 55,España
40.43512,-3.70663,07/18/10 00:11:14,web,Calle de Fernández de los Ríos| 24| 28015 Madrid| Spain,madrid,28015,Calle de Fernández de los Ríos| 24,España
40.12174,-3.85135,07/18/10 21:03:46,web,Ronda del Salvador| 6| 45200 Illescas| Spain,illescas,45200,Ronda del Salvador| 6,España
38.52701,-6.35009,07/18/10 20:59:40,web,Autovía Ruta de la Plata| 06220 Villafranca de los Barros| Spain,villafranca de los barros,06220,Autovía Ruta de la Plata,España
40.03283,-6.08943,07/18/10 21:05:09,web,Calle de la Ronda del Salvador| 55| 10600 Plasencia| Spain,plasencia,10600,Calle de la Ronda del Salvador| 55,España
40.47607,-3.63894,07/20/10 20:36:06,web,Calle de Gregorio Sánchez Herráez| 2| 28033 Madrid| Spain,madrid,28033,Calle de Gregorio Sánchez Herráez| 2,España
41.98112,2.8152,07/20/10 20:37:08,web,Carrer del Mestre Francesc Civil| 4-6| 17005 Girona| Spain,girona,17005,Carrer del Mestre Francesc Civil| 4-6,Espanya
40.42297,-3.71171,07/21/10 09:03:15,web,Plaza de España| 17| 28013 Madrid| Spain,madrid,28013,Plaza de España| 17,España
40.34151,-3.84136,07/21/10 09:27:47,web,Av de las Retamas| 28922 Alcorcón| Spain,alcorcón,28922,Av de las Retamas,España
40.34672,-3.85245,07/22/10 02:10:26,web,Av de Europa| 14-20| 28922 Alcorcón| Spain,alcorcón,28922,Av de Europa| 14-20,España
40.41962,-3.6889,07/23/10 12:26:42,web,Plaza de la Independencia| 8| 28014 Madrid| Spain,madrid,28014,Plaza de la Independencia| 8,España
40.03283,-6.08943,07/26/10 13:46:00,web,Calle de la Ronda del Salvador| 55| 10600 Plasencia| Spain,plasencia,10600,Calle de la Ronda del Salvador| 55,España
40.41362,-3.71367,07/21/10 10:08:50,web,Calle de Bailén| 23-27| 28005 Madrid| Spain,madrid,28005,Calle de Bailén| 23-27,España
40.40944,-3.7402,07/21/10 20:55:05,web,Paseo de Extremadura| 168| 28011 Madrid| Spain,madrid,28011,Paseo de Extremadura| 168,España
41.38862,2.16954,07/21/10 14:58:10,web,Passeig de Gràcia| 6| 08007 Barcelona| Spain,barcelona,08007,Passeig de Gràcia| 6,Espanya
40.43756,-3.65588,07/23/10 12:26:15,web,Calle de Demetrio López| 5| 28027 Madrid| Spain,madrid,28027,Calle de Demetrio López| 5,España
40.40944,-3.7402,07/22/10 02:10:24,web,Paseo de Extremadura| 168| 28011 Madrid| Spain,madrid,28011,Paseo de Extremadura| 168,España
40.34672,-3.85245,07/21/10 22:24:03,web,Av de Europa| 14-20| 28922 Alcorcón| Spain,alcorcón,28922,Av de Europa| 14-20,España
40.3389,-3.83543,07/22/10 02:10:20,web,Av de las Retamas| 13-19| 28922 Alcorcón| Spain,alcorcón,28922,Av de las Retamas| 13-19,España
40.34151,-3.84136,07/22/10 02:10:30,web,Av de las Retamas| 28922 Alcorcón| Spain,alcorcón,28922,Av de las Retamas,España
40.47973,-3.58983,07/26/10 08:40:08,web,Autovía M-13| 28042 Madrid| Spain,madrid,28042,M-13,España
40.3305,-3.85648,07/27/10 15:59:42,web,Av de Portugal| 28932 Móstoles| Spain,móstoles,28932,Av de Portugal,España
43.02793,-8.81676,07/27/10 16:27:31,web,Av de Brasil| 15840 Santa Comba| Spain,santa comba,15840,AC-400,España
40.96497,-5.66305,07/27/10 18:37:25,web,Plaza del Mercado| 5| 37001 Salamanca| Spain,salamanca,37001,Plaza del Mercado| 5,España
40.3389,-3.83543,07/22/10 02:09:40,web,Av de las Retamas| 13-19| 28922 Alcorcón| Spain,alcorcón,28922,Av de las Retamas| 13-19,España
38.8788,-6.96681,07/27/10 16:26:24,web,Calle de los Afligidos| 37| 06002 Badajoz| Spain,badajoz,06002,Calle de los Afligidos| 37,España
40.46129,-3.78403,07/27/10 18:36:44,web,Calle de Pléyades| 23| 28023 Madrid| Spain,madrid,28023,Calle de Pléyades| 23,España
40.44695,-3.61188,07/26/10 08:41:29,web,Calle de Alcalá| 607| 28022 Madrid| Spain,madrid,28022,Calle de Alcalá| 607,España
40.34151,-3.84136,07/27/10 15:59:49,web,Av de las Retamas| 28922 Alcorcón| Spain,alcorcón,28922,Av de las Retamas,España
43.02793,-8.81676,07/27/10 18:36:38,web,Av de Brasil| 15840 Santa Comba| Spain,santa comba,15840,Av de Brasil,España
42.42678,-8.65186,07/27/10 16:59:34,web,Av de Manuel del Palacio| 36995 Poio| Spain,poio,36995,Av de Manuel del Palacio,España
40.42297,-3.71171,07/28/10 14:55:02,web,Plaza de España| 17| 28013 Madrid| Spain,madrid,28013,Plaza de España| 17,España
40.12174,-3.85135,07/29/10 21:43:42,web,Ronda del Salvador| 6| 45200 Illescas| Spain,illescas,45200,Ronda del Salvador| 6,España
40.31584,-3.87139,07/30/10 02:14:06,web,Paseo de Arroyomolinos| 6| 28938 Móstoles| Spain,móstoles,28938,Paseo de Arroyomolinos| 6,España
40.32903,-3.86661,07/30/10 02:14:10,web,Calle del Pintor Miró| 16| 28933 Móstoles| Spain,móstoles,28933,Calle del Pintor Miró| 16,España
40.33734,-3.87832,07/30/10 02:14:17,web,Autovía de Extremadura| 28935 Móstoles| Spain,móstoles,28935,Carretera de Extremadura,España
40.33734,-3.87832,07/30/10 02:14:56,web,Autovía de Extremadura| 28935 Móstoles| Spain,móstoles,28935,Carretera de Extremadura,España
40.33176,-3.88435,07/30/10 02:15:01,web,Carretera de Villaviciosa| 28935 Móstoles| Spain,móstoles,28935,Carretera de Villaviciosa,España
40.33112,-3.88425,07/30/10 02:15:03,web,Carretera de Villaviciosa| 28935 Móstoles| Spain,móstoles,28935,Carretera de Villaviciosa,España
40.34672,-3.85245,07/30/10 02:16:23,web,Av de Europa| 14-20| 28922 Alcorcón| Spain,alcorcón,28922,Av de Europa| 14-20,España
41.38862,2.16954,07/30/10 02:13:17,web,Passeig de Gràcia| 6| 08007 Barcelona| Spain,barcelona,08007,Passeig de Gràcia| 6,Espanya
40.32512,-3.87772,07/30/10 02:14:12,web,Av de los Deportes| 3| 28935 Móstoles| Spain,móstoles,28935,Av de los Deportes| 3,España
40.96497,-5.66305,07/30/10 02:16:09,web,Plaza del Mercado| 5| 37001 Salamanca| Spain,salamanca,37001,Plaza del Mercado| 5,España
40.44695,-3.61188,07/30/10 02:16:19,web,Calle de Alcalá| 607| 28022 Madrid| Spain,madrid,28022,Calle de Alcalá| 607,España
40.3305,-3.85648,07/30/10 02:14:04,web,Av de Portugal| 28932 Móstoles| Spain,móstoles,28932,Av de Portugal,España
40.32903,-3.86667,07/30/10 02:14:08,web,Calle del Pintor El Greco| 3| 28933 Móstoles| Spain,móstoles,28933,Calle del Pintor El Greco| 3,España
40.33176,-3.88435,07/30/10 02:14:59,web,Carretera de Villaviciosa| 28935 Móstoles| Spain,móstoles,28935,Carretera de Villaviciosa,España
40.3389,-3.83543,07/30/10 02:16:24,web,Av de las Retamas| 13-19| 28922 Alcorcón| Spain,alcorcón,28922,Av de las Retamas| 13-19,España
40.42297,-3.71171,07/30/10 02:16:30,web,Plaza de España| 17| 28013 Madrid| Spain,madrid,28013,Plaza de España| 17,España
40.46309,-3.62368,07/30/10 02:16:39,web,Glorieta de Praga| 28042 Madrid| Spain,madrid,28042,Glorieta de Praga,España
40.32556,-3.8827,07/30/10 02:14:14,web,Calle del Pintor Velázquez| 51| 28935 Móstoles| Spain,móstoles,28935,Calle del Pintor Velázquez| 51,España
43.02793,-8.81676,07/30/10 02:16:14,web,Av de Brasil| 15840 Santa Comba| Spain,santa comba,15840,Av de Brasil,España
40.3305,-3.85648,07/30/10 02:16:16,web,Av de Portugal| 28932 Móstoles| Spain,móstoles,28932,Av de Portugal,España
40.12174,-3.85135,07/30/10 02:16:37,web,Ronda del Salvador| 6| 45200 Illescas| Spain,illescas,45200,Ronda del Salvador| 6,España
40.33655,-3.87875,07/30/10 02:14:19,web,Autovía de Extremadura| 28935 Móstoles| Spain,móstoles,28935,Carretera de Extremadura,España
40.33734,-3.87832,07/30/10 02:16:12,web,Carretera de Extremadura| 28935 Móstoles| Spain,móstoles,28935,Carretera de Extremadura,España
40.47607,-3.63894,07/30/10 02:16:31,web,Calle de Gregorio Sánchez Herráez| 2| 28033 Madrid| Spain,madrid,28033,Calle de Gregorio Sánchez Herráez| 2,España
40.31506,-3.85477,07/30/10 02:14:57,web,Calle Nueva York| 38-42| 28936 Móstoles| Spain,móstoles,28936,Calle Nueva York| 38-42,España
40.33343,-3.87916,07/30/10 02:15:22,web,Av de los Abogados de Atocha| 28935 Móstoles| Spain,móstoles,28935,Av de los Abogados de Atocha,España
40.33356,-3.88139,07/30/10 02:15:25,web,Autovía de Extremadura| 28935 Móstoles| Spain,móstoles,28935,Carretera de Extremadura,España
40.33343,-3.87916,07/30/10 02:16:11,web,Av de los Abogados de Atocha| 28935 Móstoles| Spain,móstoles,28935,Av de los Abogados de Atocha,España
43.02793,-8.81676,07/30/10 02:16:11,web,Av de Brasil| 15840 Santa Comba| Spain,santa comba,15840,Av de Brasil,España
40.43756,-3.65588,07/30/10 02:16:21,web,Calle de Demetrio López| 5| 28027 Madrid| Spain,madrid,28027,Calle de Demetrio López| 5,España
40.40944,-3.7402,07/30/10 02:16:26,web,Paseo de Extremadura| 168| 28011 Madrid| Spain,madrid,28011,Paseo de Extremadura| 168,España
40.34151,-3.84136,07/30/10 02:16:28,web,Av de las Retamas| 28922 Alcorcón| Spain,alcorcón,28922,Av de las Retamas,España
40.33734,-3.87832,07/30/10 02:14:21,web,Autovía de Extremadura| 28935 Móstoles| Spain,móstoles,28935,Carretera de Extremadura,España
40.03283,-6.08943,07/30/10 02:16:33,web,Calle de la Ronda del Salvador| 55| 10600 Plasencia| Spain,plasencia,10600,Calle de la Ronda del Salvador| 55,España
